-- MySQL dump 10.10
--
-- Host: localhost    Database: AustraliaVictoriaCroydon3136TwoDogs
-- ------------------------------------------------------
-- Server version	5.0.18

/*!40101 SET @OLD_CHARACTER_SET_CLIENT=@@CHARACTER_SET_CLIENT */;
/*!40101 SET @OLD_CHARACTER_SET_RESULTS=@@CHARACTER_SET_RESULTS */;
/*!40101 SET @OLD_COLLATION_CONNECTION=@@COLLATION_CONNECTION */;
/*!40101 SET NAMES utf8 */;
/*!40103 SET @OLD_TIME_ZONE=@@TIME_ZONE */;
/*!40103 SET TIME_ZONE='+00:00' */;
/*!40014 SET @OLD_UNIQUE_CHECKS=@@UNIQUE_CHECKS, UNIQUE_CHECKS=0 */;
/*!40014 SET @OLD_FOREIGN_KEY_CHECKS=@@FOREIGN_KEY_CHECKS, FOREIGN_KEY_CHECKS=0 */;
/*!40101 SET @OLD_SQL_MODE=@@SQL_MODE, SQL_MODE='NO_AUTO_VALUE_ON_ZERO' */;
/*!40111 SET @OLD_SQL_NOTES=@@SQL_NOTES, SQL_NOTES=0 */;

--
-- Table structure for table `innings`
--

DROP TABLE IF EXISTS `innings`;
CREATE TABLE `innings` (
  `match_id` int(10) unsigned NOT NULL default '0',
  `player_id` int(10) unsigned NOT NULL default '0',
  `batting_pos` int(10) unsigned NOT NULL default '0',
  `runs_scored` int(11) NOT NULL default '0',
  PRIMARY KEY  (`match_id`,`player_id`,`batting_pos`),
  KEY `fk_innings_player_id` (`player_id`)
) ENGINE=MyISAM DEFAULT CHARSET=latin1;

--
-- Dumping data for table `innings`
--


/*!40000 ALTER TABLE `innings` DISABLE KEYS */;
LOCK TABLES `innings` WRITE;
INSERT INTO `innings` VALUES (1,1,1,10),(1,2,2,-2),(1,3,3,-4),(1,4,4,16),(1,5,5,8),(1,6,6,9),(1,7,7,21),(1,8,8,15),(2,2,1,19),(2,1,2,21),(2,5,3,15),(2,9,4,0),(2,8,5,5),(2,3,6,22),(2,6,7,28),(2,3,8,0),(3,7,1,13),(3,3,2,19),(3,9,3,2),(3,5,4,16),(3,10,5,9),(3,8,6,20),(3,6,7,5),(3,3,8,10),(4,2,1,3),(4,1,2,14),(4,4,3,-12),(4,3,4,13),(4,6,5,12),(4,9,6,17),(4,8,7,-8),(4,7,8,14),(5,2,1,-1),(5,1,2,16),(5,9,3,11),(5,6,4,13),(5,3,5,9),(5,4,6,-1),(5,7,7,-5),(5,5,8,-4),(6,1,1,16),(6,2,2,5),(6,6,3,1),(6,9,4,11),(6,3,5,17),(6,11,6,12),(6,8,7,12),(6,5,8,9),(7,1,1,20),(7,2,2,2),(7,7,3,29),(7,3,4,29),(7,8,5,24),(7,9,6,-2),(7,12,7,0),(7,12,8,0),(8,9,1,17),(8,6,2,-1),(8,5,3,24),(8,3,4,11),(8,7,5,6),(8,8,6,13),(8,11,7,7),(8,4,8,17),(9,8,1,-6),(9,2,2,16),(9,9,3,28),(9,3,4,4),(9,5,5,-18),(9,11,6,20),(9,6,7,2),(9,5,8,-10),(10,11,1,8),(10,5,2,5),(10,2,3,-4),(10,8,4,9),(10,4,5,9),(10,6,6,-8),(10,9,7,12),(10,3,8,-5),(11,13,1,17),(11,8,2,17),(11,11,3,22),(11,5,4,-4),(11,3,5,20),(11,4,6,11),(11,6,7,7),(11,5,8,9),(12,2,1,2),(12,4,2,6),(12,3,3,7),(12,6,4,14),(12,11,5,10),(12,5,6,12),(12,8,7,19),(12,13,8,8),(13,13,1,9),(13,14,2,8),(13,2,3,0),(13,1,4,11),(13,3,5,7),(13,5,6,11),(13,6,7,6),(13,15,8,-5),(14,5,1,14),(14,11,2,6),(14,3,3,8),(14,6,4,12),(14,14,5,16),(14,16,6,13),(14,8,7,3),(14,13,8,7),(15,4,1,-2),(15,2,2,0),(15,3,3,3),(15,6,4,9),(15,11,5,0),(15,5,6,1),(15,13,7,20),(15,8,8,4),(16,8,1,19),(16,13,2,21),(16,11,3,26),(16,5,4,3),(16,6,5,16),(16,3,6,13),(16,2,7,10),(16,4,8,3),(17,8,1,13),(17,13,2,16),(17,5,3,0),(17,11,4,23),(17,3,5,10),(17,6,6,-3),(17,4,7,-9),(17,2,8,12),(18,8,1,22),(18,13,2,11),(18,6,3,-4),(18,3,4,13),(18,9,5,11),(18,4,6,15),(18,14,7,8),(18,3,8,8),(19,4,1,9),(19,2,2,6),(19,11,3,20),(19,8,4,12),(19,3,5,15),(19,6,6,7),(19,13,7,19),(19,3,8,18),(20,8,1,16),(20,13,2,25),(20,6,3,3),(20,3,4,13),(20,17,5,24),(20,11,6,27),(20,2,7,13),(20,4,8,16),(21,4,1,10),(21,2,2,2),(21,6,3,0),(21,3,4,17),(21,5,5,5),(21,11,6,20),(21,8,7,-5),(21,13,8,7),(22,8,1,9),(22,13,2,9),(22,3,3,26),(22,6,4,-1),(22,4,5,4),(22,2,6,14),(22,5,7,13),(22,11,8,5),(23,8,1,22),(23,13,2,20),(23,6,3,13),(23,3,4,7),(23,11,5,21),(23,5,6,21),(23,9,7,26),(23,4,8,17),(24,8,1,15),(24,13,2,17),(24,3,3,16),(24,6,4,24),(24,9,5,14),(24,2,6,-11),(24,3,7,9),(24,2,8,6),(25,8,1,7),(25,13,2,12),(25,6,3,10),(25,3,4,11),(25,14,5,14),(25,10,6,20),(25,9,7,18),(25,11,8,6),(26,13,1,17),(26,14,2,6),(26,5,3,24),(26,11,4,10),(26,3,5,9),(26,6,6,8),(26,9,7,25),(26,3,8,22),(27,8,1,6),(27,13,2,8),(27,6,3,6),(27,3,4,16),(27,14,5,17),(27,5,6,3),(27,5,7,-6),(27,14,8,0),(28,8,1,6),(28,13,2,13),(28,3,3,10),(28,6,4,11),(28,11,5,13),(28,2,6,4),(28,9,7,0),(28,14,8,13),(29,8,1,16),(29,13,2,5),(29,6,3,14),(29,3,4,0),(29,2,5,21),(29,11,6,3),(29,14,7,-6),(29,9,8,10),(30,8,1,19),(30,13,2,25),(30,3,3,17),(30,6,4,11),(30,2,5,6),(30,11,6,-5),(30,9,7,20),(30,14,8,3),(31,13,1,17),(31,8,2,7),(31,3,3,-5),(31,5,4,-2),(31,2,5,9),(31,11,6,3),(31,14,7,-3),(31,9,8,18),(32,8,1,15),(32,11,2,4),(32,3,3,3),(32,6,4,1),(32,5,5,23),(32,14,6,4),(32,9,7,38),(32,6,8,-11),(33,3,1,22),(33,6,2,19),(33,5,3,7),(33,14,4,30),(33,2,5,18),(33,11,6,11),(33,13,7,9),(33,7,8,35),(34,2,1,18),(34,11,2,24),(34,3,3,12),(34,5,4,17),(34,9,5,7),(34,14,6,-2),(34,13,7,15),(34,6,8,-7),(35,2,1,36),(35,11,2,22),(35,16,3,6),(35,6,4,-8),(35,9,5,31),(35,13,6,27),(35,5,7,-1),(35,16,8,10),(36,3,1,11),(36,6,2,-12),(36,5,3,21),(36,14,4,6),(36,11,5,12),(36,2,6,-3),(36,7,7,12),(36,13,8,16),(37,2,1,8),(37,11,2,10),(37,13,3,20),(37,14,4,18),(37,6,5,-6),(37,3,6,14),(37,6,7,8),(37,3,8,4),(38,18,1,9),(38,19,2,5),(38,14,3,0),(38,3,4,12),(38,2,5,7),(38,11,6,18),(38,13,7,-6),(38,9,8,13),(39,11,1,0),(39,2,2,16),(39,5,3,-5),(39,14,4,3),(39,9,5,0),(39,20,6,18),(39,3,7,6),(39,21,8,7),(40,5,1,15),(40,13,2,13),(40,6,3,-4),(40,3,4,12),(40,2,5,18),(40,11,6,18),(40,9,7,17),(40,7,8,7),(41,5,1,-6),(41,14,2,17),(41,3,3,16),(41,6,4,6),(41,2,5,12),(41,18,6,19),(41,9,7,21),(41,13,8,-4),(42,11,1,10),(42,2,2,23),(42,3,3,14),(42,6,4,-6),(42,14,5,28),(42,5,6,8),(42,13,7,16),(42,10,8,9),(43,2,1,7),(43,11,2,16),(43,6,3,8),(43,3,4,5),(43,14,5,25),(43,5,6,0),(43,9,7,12),(43,13,8,-5),(44,11,1,3),(44,2,2,16),(44,13,3,23),(44,14,4,9),(44,3,5,11),(44,6,6,15),(44,9,7,16),(44,15,8,5),(45,9,1,1),(45,13,2,15),(45,3,3,10),(45,6,4,8),(45,5,5,16),(45,14,6,7),(45,22,7,21),(45,6,8,22),(46,6,1,6),(46,3,2,19),(46,5,3,26),(46,14,4,2),(46,11,5,31),(46,2,6,12),(46,23,7,-2),(46,13,8,17),(47,14,1,11),(47,5,2,18),(47,3,3,18),(47,6,4,22),(47,11,5,11),(47,2,6,18),(47,9,7,-5),(47,13,8,-7),(48,2,1,-6),(48,6,2,-5),(48,13,3,18),(48,14,4,15),(48,3,5,11),(48,9,6,12),(48,2,7,8),(48,6,8,-15),(49,14,1,16),(49,5,2,9),(49,6,3,5),(49,2,4,6),(49,13,5,9),(49,9,6,21),(49,3,7,-4),(49,5,8,1),(50,6,1,14),(50,3,2,7),(50,5,3,10),(50,24,4,2),(50,17,5,21),(50,14,6,-3),(50,13,7,-25),(50,6,8,3),(51,3,1,13),(51,6,2,1),(51,5,3,-5),(51,14,4,-5),(51,17,5,0),(51,13,6,-2),(51,25,7,1),(51,14,8,9),(52,17,1,25),(52,13,2,17),(52,5,3,8),(52,14,4,3),(52,3,5,15),(52,26,6,14),(52,6,7,2),(52,26,8,16),(53,5,1,6),(53,14,2,2),(53,13,3,22),(53,23,4,12),(53,26,5,-6),(53,27,6,-11),(53,6,7,13),(53,3,8,8),(54,5,1,-2),(54,27,2,5),(54,3,3,18),(54,6,4,5),(54,13,5,25),(54,26,6,9),(54,9,7,6),(54,27,8,-22),(55,5,1,22),(55,14,2,7),(55,6,3,7),(55,3,4,10),(55,13,5,19),(55,26,6,11),(55,27,7,-2),(55,13,8,9),(56,14,1,3),(56,5,2,0),(56,3,3,17),(56,6,4,3),(56,13,5,12),(56,26,6,9),(56,27,7,-5),(56,3,8,6),(57,13,1,23),(57,26,2,8),(57,5,3,-4),(57,14,4,-4),(57,27,5,-14),(57,2,6,15),(57,3,7,15),(57,6,8,-3),(58,13,1,15),(58,28,2,11),(58,3,3,13),(58,6,4,2),(58,14,5,11),(58,5,6,6),(58,26,7,-13),(58,6,8,12),(59,5,1,12),(59,14,2,14),(59,3,3,-1),(59,6,4,-13),(59,26,5,8),(59,13,6,9),(59,27,7,-4),(59,26,8,-2),(60,14,1,31),(60,5,2,6),(60,27,3,11),(60,29,4,19),(60,6,5,5),(60,3,6,16),(60,13,7,10),(60,26,8,10),(61,14,1,16),(61,5,2,14),(61,3,3,15),(61,6,4,13),(61,27,5,7),(61,29,6,3),(61,13,7,16),(61,26,8,1),(62,13,1,34),(62,26,2,9),(62,29,3,-13),(62,30,4,26),(62,27,5,-9),(62,31,6,-5),(62,6,7,4),(62,3,8,1),(63,5,1,11),(63,14,2,10),(63,29,3,1),(63,27,4,-6),(63,6,5,16),(63,3,6,15),(63,13,7,24),(63,26,8,4),(64,5,1,18),(64,14,2,2),(64,26,3,15),(64,8,4,7),(64,29,5,4),(64,27,6,6),(64,3,7,-4),(64,6,8,0),(65,17,1,23),(65,8,2,20),(65,6,3,17),(65,3,4,12),(65,13,5,4),(65,26,6,12),(65,14,7,12),(65,13,8,11),(66,5,1,6),(66,14,2,3),(66,3,3,14),(66,6,4,-11),(66,29,5,4),(66,27,6,-6),(66,26,7,11),(66,13,8,3),(67,5,1,-2),(67,14,2,6),(67,3,3,22),(67,6,4,22),(67,7,5,21),(67,8,6,13),(67,26,7,11),(67,13,8,20),(68,6,1,17),(68,3,2,20),(68,13,3,-6),(68,26,4,-2),(68,14,5,13),(68,27,6,-3),(68,14,7,12),(68,27,8,6),(69,3,1,15),(69,6,2,17),(69,5,3,19),(69,14,4,14),(69,29,5,10),(69,8,6,-2),(69,26,7,5),(69,13,8,-9),(70,3,1,14),(70,6,2,12),(70,27,3,10),(70,41,4,36),(70,17,5,23),(70,29,6,22),(70,14,7,15),(70,13,8,25),(71,3,1,15),(71,6,2,16),(71,29,3,13),(71,41,4,3),(71,27,5,15),(71,5,6,-1),(71,26,7,8),(71,13,8,18),(72,6,1,15),(72,3,2,18),(72,29,3,15),(72,27,4,16),(72,41,5,-3),(72,8,6,12),(72,26,7,15),(72,14,8,17),(73,5,1,16),(73,14,2,7),(73,6,3,19),(73,3,4,8),(73,29,5,1),(73,27,6,6),(73,26,7,8),(73,13,8,23),(74,13,1,25),(74,26,2,8),(74,3,3,18),(74,27,4,15),(74,5,5,13),(74,8,6,0),(74,6,7,0),(74,42,8,13),(75,6,1,8),(75,3,2,15),(75,5,3,8),(75,14,4,8),(75,29,5,8),(75,8,6,5),(75,13,7,23),(75,26,8,15);
UNLOCK TABLES;
/*!40000 ALTER TABLE `innings` ENABLE KEYS */;

--
-- Table structure for table `matches`
--

DROP TABLE IF EXISTS `matches`;
CREATE TABLE `matches` (
  `match_id` int(10) unsigned NOT NULL auto_increment,
  `opp_team_id` int(10) unsigned NOT NULL default '0',
  `match_date` date NOT NULL default '0000-00-00',
  `match_time` time NOT NULL default '00:00:00',
  `team_batted_1st` tinyint(1) NOT NULL default '0',
  PRIMARY KEY  (`match_id`),
  UNIQUE KEY `u_matches_1` (`match_date`,`match_time`),
  UNIQUE KEY `u_matches_2` (`opp_team_id`,`match_date`,`match_time`)
) ENGINE=MyISAM DEFAULT CHARSET=latin1;

--
-- Dumping data for table `matches`
--


/*!40000 ALTER TABLE `matches` DISABLE KEYS */;
LOCK TABLES `matches` WRITE;
INSERT INTO `matches` VALUES (1,1,'2004-04-22','19:40:00',1),(2,2,'2004-04-28','19:40:00',1),(3,3,'2004-05-05','19:40:00',0),(4,4,'2004-05-12','19:40:00',1),(5,5,'2004-05-19','19:40:00',1),(6,6,'2004-05-26','19:40:00',0),(7,7,'2004-05-30','19:40:00',0),(8,5,'2004-06-09','19:40:00',0),(9,4,'2004-08-31','19:40:00',0),(10,8,'2004-09-08','19:40:00',0),(11,9,'2004-09-15','19:40:00',0),(12,3,'2004-09-22','19:40:00',0),(13,6,'2004-10-06','19:40:00',1),(14,5,'2004-10-14','19:40:00',1),(15,10,'2004-10-20','19:40:00',1),(16,11,'2004-10-27','19:40:00',0),(17,12,'2004-11-03','19:40:00',0),(18,7,'2004-11-10','19:40:00',0),(19,13,'2004-11-17','19:40:00',0),(20,14,'2004-11-24','19:40:00',0),(21,2,'2004-11-29','19:40:00',0),(22,15,'2004-12-01','19:40:00',1),(23,16,'2004-12-08','19:40:00',1),(24,7,'2004-12-15','19:40:00',0),(25,13,'2004-12-22','19:40:00',1),(26,14,'2005-01-05','19:40:00',0),(27,15,'2005-01-12','19:40:00',1),(28,17,'2005-01-19','19:40:00',0),(29,18,'2005-01-26','19:40:00',1),(30,7,'2005-02-02','19:40:00',0),(31,15,'2005-02-06','19:40:00',0),(32,18,'2005-02-16','19:40:00',1),(33,19,'2005-02-23','19:40:00',0),(34,2,'2005-03-02','19:40:00',1),(35,20,'2005-03-08','19:40:00',0),(36,15,'2005-03-16','19:40:00',1),(37,6,'2005-03-23','19:40:00',1),(38,3,'2005-03-30','19:40:00',0),(39,18,'2005-04-06','19:40:00',1),(40,19,'2005-04-13','19:40:00',0),(41,21,'2005-04-21','19:40:00',1),(42,6,'2005-04-27','19:40:00',1),(43,3,'2005-05-04','19:40:00',0),(44,22,'2005-05-11','19:40:00',1),(45,15,'2005-05-18','19:40:00',1),(46,23,'2005-05-25','19:40:00',1),(47,3,'2005-05-31','19:40:00',0),(48,2,'2005-06-14','19:40:00',1),(49,6,'2005-07-06','19:40:00',1),(50,2,'2005-07-13','19:40:00',1),(51,24,'2005-07-20','19:40:00',0),(52,24,'2005-07-27','19:40:00',1),(53,2,'2005-08-10','19:40:00',1),(54,25,'2005-08-18','19:40:00',0),(55,26,'2005-09-01','19:40:00',1),(56,27,'2005-09-06','19:40:00',1),(57,6,'2005-09-14','19:40:00',1),(58,25,'2005-09-28','19:40:00',0),(59,28,'2005-10-05','19:40:00',1),(60,29,'2005-10-12','19:40:00',0),(61,28,'2005-10-19','19:40:00',0),(62,26,'2005-11-08','19:40:00',0),(63,30,'2006-02-08','19:40:00',0),(64,31,'2005-12-21','19:40:00',0),(65,32,'2006-02-23','20:50:00',1),(66,11,'2006-02-15','20:50:00',0),(67,33,'2006-03-01','20:50:00',0),(68,32,'2006-03-07','19:40:00',1),(69,30,'2006-03-15','19:40:00',0),(70,35,'2006-01-19','20:50:00',0),(71,30,'2006-02-02','20:50:00',1),(72,33,'2006-01-25','20:50:00',1),(73,36,'2005-12-12','20:50:00',0),(74,26,'2005-12-07','19:15:00',1),(75,32,'2006-03-23','19:40:00',1);
UNLOCK TABLES;
/*!40000 ALTER TABLE `matches` ENABLE KEYS */;

--
-- Table structure for table `opp_teams`
--

DROP TABLE IF EXISTS `opp_teams`;
CREATE TABLE `opp_teams` (
  `opp_team_id` int(10) unsigned NOT NULL auto_increment,
  `opp_team_name` varchar(64) NOT NULL default '',
  PRIMARY KEY  (`opp_team_id`),
  UNIQUE KEY `u_teams` (`opp_team_name`)
) ENGINE=MyISAM DEFAULT CHARSET=latin1;

--
-- Dumping data for table `opp_teams`
--


/*!40000 ALTER TABLE `opp_teams` DISABLE KEYS */;
LOCK TABLES `opp_teams` WRITE;
INSERT INTO `opp_teams` VALUES (1,'Pissed \'n Broke'),(2,'Team Tena'),(3,'Agguts'),(4,'Benda Rover'),(5,'3kz'),(6,'J. A. F. I. C. S.'),(7,'Eight Nuffs'),(8,'Hot 2 Frot'),(9,'C. U. B.'),(10,'Space Monkeys'),(11,'Toyo Inkredibles'),(12,'White Windies Resurrection'),(13,'Head Hunters'),(14,'Purple Sevens'),(15,'Pyros'),(16,'Here For A Good Time'),(17,'Dream Team'),(18,'Purple Cobras'),(19,'Clarky\'s Team'),(20,'Hit And Hope'),(21,'Full Boar'),(22,'Yesterdays Heros'),(23,'The Fockers'),(24,'Thorpies Furballs'),(25,'The Shinboners'),(26,'Kev\'s Team'),(27,'K 2'),(28,'The Woodies'),(29,'H. S. D.'),(30,'Fighting Mongooses'),(31,'Cricketer\'s Box'),(32,'JB\'s'),(33,'Crack Pandas'),(35,'Toxic Coxsick'),(36,'Rob\'s Team');
UNLOCK TABLES;
/*!40000 ALTER TABLE `opp_teams` ENABLE KEYS */;

--
-- Table structure for table `overs`
--

DROP TABLE IF EXISTS `overs`;
CREATE TABLE `overs` (
  `match_id` int(10) unsigned NOT NULL default '0',
  `player_id` int(10) unsigned NOT NULL default '0',
  `over_no` int(10) unsigned NOT NULL default '0',
  `wickets_taken` int(10) unsigned NOT NULL default '0',
  `runs_conceded` int(11) NOT NULL default '0',
  PRIMARY KEY  (`match_id`,`player_id`,`over_no`),
  KEY `fk_overs_player_id` (`player_id`)
) ENGINE=MyISAM DEFAULT CHARSET=latin1;

--
-- Dumping data for table `overs`
--


/*!40000 ALTER TABLE `overs` DISABLE KEYS */;
LOCK TABLES `overs` WRITE;
INSERT INTO `overs` VALUES (1,5,1,0,11),(1,6,2,1,10),(1,8,3,1,7),(1,3,4,1,5),(1,2,5,0,11),(1,7,6,0,12),(1,6,7,1,1),(1,3,8,1,0),(1,1,9,1,4),(1,4,10,0,8),(1,8,11,1,11),(1,5,12,0,8),(1,2,13,1,3),(1,7,14,4,-15),(1,1,15,0,8),(1,4,16,0,8),(2,5,1,1,10),(2,3,2,0,12),(2,8,3,0,23),(2,9,4,1,-2),(2,1,5,0,5),(2,6,6,0,17),(2,8,7,1,3),(2,3,8,0,16),(2,5,9,0,11),(2,2,10,0,9),(2,6,11,1,5),(2,1,12,1,6),(2,2,13,1,4),(2,9,14,0,11),(2,8,15,0,9),(2,3,16,0,12),(3,5,1,0,9),(3,3,2,0,13),(3,6,3,1,3),(3,10,4,3,-11),(3,8,5,1,4),(3,5,6,2,-7),(3,6,7,1,-1),(3,9,8,0,9),(3,7,9,2,-1),(3,8,10,1,4),(3,3,11,2,-4),(3,9,12,0,8),(3,10,13,1,4),(3,7,14,0,9),(3,6,15,1,13),(3,5,16,2,3),(4,8,1,0,21),(4,3,2,0,14),(4,9,3,0,15),(4,7,4,0,21),(4,1,5,1,8),(4,6,6,1,6),(4,4,7,3,-6),(4,9,8,1,5),(4,8,9,1,5),(4,6,10,0,11),(4,2,11,1,3),(4,3,12,2,-5),(4,1,13,1,3),(4,7,14,0,14),(4,2,15,0,8),(4,4,16,0,15),(5,5,1,1,10),(5,3,2,0,13),(5,1,3,1,5),(5,7,4,1,6),(5,2,5,1,0),(5,6,6,2,-6),(5,3,7,0,17),(5,5,8,3,-8),(5,9,9,0,5),(5,4,10,0,10),(5,6,11,0,11),(5,2,12,0,8),(5,1,13,1,6),(5,7,14,0,7),(5,4,15,2,-6),(5,9,16,0,9),(6,8,1,0,12),(6,5,2,1,2),(6,11,3,0,4),(6,3,4,0,8),(6,1,5,0,9),(6,9,6,0,16),(6,11,7,0,10),(6,8,8,1,4),(6,2,9,1,4),(6,5,10,0,8),(6,3,11,0,14),(6,6,12,1,1),(6,1,13,0,9),(6,6,14,1,5),(6,9,15,2,-2),(6,2,16,0,16),(7,3,1,1,10),(7,9,2,1,0),(7,1,3,0,12),(7,7,4,1,4),(7,8,5,1,6),(7,3,6,1,0),(7,2,7,1,2),(7,8,8,0,10),(7,1,9,1,4),(7,9,10,2,-4),(7,2,11,0,7),(7,7,12,2,-2),(7,12,13,0,0),(7,12,14,0,0),(7,12,15,0,0),(7,12,16,0,0),(8,5,1,0,8),(8,3,2,2,2),(8,11,3,0,7),(8,8,4,1,11),(8,6,5,0,9),(8,7,6,1,10),(8,9,7,0,12),(8,5,8,2,-5),(8,8,9,0,13),(8,6,10,0,12),(8,3,11,0,13),(8,4,12,0,7),(8,11,13,0,13),(8,9,14,0,12),(8,7,15,0,18),(8,4,16,0,16),(9,5,1,0,14),(9,8,2,0,12),(9,3,3,0,12),(9,11,4,0,10),(9,6,5,0,11),(9,2,6,2,-5),(9,3,7,0,14),(9,8,8,0,13),(9,9,9,2,-7),(9,5,10,1,12),(9,6,11,0,15),(9,11,12,0,9),(9,2,13,0,13),(9,9,14,1,3),(9,8,15,0,19),(9,3,16,2,8),(10,5,1,0,10),(10,8,2,1,6),(10,2,3,0,11),(10,6,4,0,12),(10,11,5,1,3),(10,3,6,1,4),(10,4,7,1,2),(10,8,8,1,10),(10,5,9,0,8),(10,6,10,0,9),(10,9,11,0,10),(10,3,12,1,5),(10,2,13,0,12),(10,11,14,0,17),(10,4,15,0,11),(10,9,16,0,9),(11,11,1,0,11),(11,8,2,0,17),(11,5,3,1,4),(11,6,4,0,20),(11,3,5,0,10),(11,13,6,1,1),(11,8,7,2,5),(11,4,8,0,5),(11,5,9,0,10),(11,3,10,1,3),(11,6,11,0,8),(11,11,12,0,9),(11,13,13,1,5),(11,4,14,0,13),(11,6,15,1,4),(11,11,16,0,12),(12,5,1,0,9),(12,3,2,1,-2),(12,11,3,0,5),(12,8,4,1,12),(12,2,5,1,8),(12,6,6,0,6),(12,13,7,0,8),(12,8,8,0,22),(12,5,9,2,-4),(12,3,10,1,8),(12,4,11,2,-3),(12,6,12,1,2),(12,2,13,0,7),(12,11,14,0,9),(12,4,15,0,13),(12,13,16,0,8),(13,5,1,0,6),(13,15,2,0,4),(13,3,3,1,4),(13,6,4,0,9),(13,14,5,0,12),(13,2,6,0,11),(13,6,7,0,9),(13,5,8,1,6),(13,13,9,0,11),(13,15,10,0,11),(13,1,11,1,7),(13,14,12,0,9),(13,3,13,0,13),(13,2,14,0,17),(13,1,15,0,8),(13,13,16,0,9),(14,5,1,0,16),(14,6,2,1,-2),(14,16,3,1,5),(14,3,4,1,8),(14,11,5,0,17),(14,14,6,0,11),(14,8,7,0,13),(14,6,8,1,6),(14,16,9,0,9),(14,13,10,0,14),(14,8,11,1,7),(14,3,12,0,13),(14,5,13,1,2),(14,11,14,0,11),(14,14,15,2,-6),(14,13,16,2,1),(15,11,1,0,5),(15,13,2,1,1),(15,2,3,0,8),(15,4,4,2,-1),(15,5,5,0,9),(15,6,6,2,-3),(15,3,7,1,3),(15,8,8,1,5),(15,5,9,1,12),(15,3,10,1,6),(15,6,11,1,7),(15,8,12,1,1),(15,2,13,1,1),(15,11,14,0,9),(15,13,15,2,4),(15,4,16,1,-2),(16,11,1,0,9),(16,5,2,1,11),(16,6,3,0,8),(16,2,4,1,4),(16,3,5,0,12),(16,4,6,0,7),(16,8,7,0,14),(16,13,8,0,4),(16,5,9,1,2),(16,3,10,1,5),(16,6,11,0,10),(16,8,12,1,6),(16,2,13,2,-5),(16,11,14,0,8),(16,13,15,0,9),(16,4,16,1,5),(17,11,1,2,-3),(17,5,2,0,14),(17,2,3,2,-5),(17,4,4,0,12),(17,8,5,1,6),(17,6,6,1,1),(17,3,7,1,3),(17,13,8,1,2),(17,5,9,1,0),(17,8,10,0,10),(17,6,11,0,11),(17,3,12,3,-7),(17,11,13,0,12),(17,13,14,1,2),(17,2,15,1,-1),(17,4,16,1,11),(18,14,1,1,0),(18,3,2,0,9),(18,6,3,0,12),(18,4,4,0,4),(18,8,5,1,3),(18,13,6,1,1),(18,14,7,1,0),(18,6,8,1,0),(18,9,9,0,10),(18,3,10,0,10),(18,13,11,1,2),(18,8,12,0,16),(18,4,13,1,1),(18,9,14,1,2),(18,3,15,0,12),(18,14,16,1,3),(19,11,1,0,9),(19,2,2,1,2),(19,8,3,1,5),(19,6,4,2,-1),(19,3,5,0,12),(19,13,6,1,1),(19,4,7,0,9),(19,8,8,0,7),(19,6,9,1,0),(19,11,10,1,-3),(19,3,11,2,-4),(19,2,12,2,-8),(19,4,13,1,3),(19,13,14,2,-6),(19,3,15,1,3),(19,2,16,3,-11),(20,11,1,1,1),(20,17,2,1,5),(20,8,3,0,12),(20,6,4,0,16),(20,4,5,1,9),(20,13,6,2,-4),(20,3,7,0,18),(20,2,8,2,-5),(20,8,9,1,1),(20,6,10,1,1),(20,17,11,2,-5),(20,3,12,0,10),(20,2,13,0,8),(20,11,14,0,6),(20,13,15,0,14),(20,4,16,1,1),(21,5,1,2,-5),(21,11,2,1,7),(21,2,3,1,6),(21,13,4,0,8),(21,8,5,3,-8),(21,6,6,1,11),(21,3,7,2,-4),(21,8,8,0,23),(21,4,9,2,-2),(21,5,10,2,4),(21,6,11,0,10),(21,3,12,1,8),(21,11,13,1,13),(21,2,14,0,4),(21,13,15,0,6),(21,4,16,0,6),(22,2,1,0,11),(22,5,2,1,5),(22,4,3,0,10),(22,6,4,1,7),(22,11,5,2,-7),(22,3,6,0,9),(22,13,7,0,9),(22,8,8,2,-5),(22,5,9,1,0),(22,3,10,0,5),(22,6,11,2,-7),(22,8,12,1,7),(22,11,13,2,-1),(22,2,14,1,8),(22,13,15,0,18),(22,4,16,2,-3),(23,4,1,1,1),(23,11,2,1,-3),(23,13,3,0,14),(23,9,4,1,0),(23,6,5,2,7),(23,3,6,2,-2),(23,5,7,3,-13),(23,8,8,0,6),(23,6,9,2,-7),(23,3,10,1,5),(23,5,11,1,3),(23,8,12,0,12),(23,4,13,0,9),(23,11,14,3,-12),(23,13,15,0,10),(23,9,16,3,-12),(24,9,1,1,2),(24,4,2,0,5),(24,2,3,0,12),(24,8,4,2,-5),(24,13,5,2,2),(24,6,6,1,2),(24,3,7,0,15),(24,8,8,0,7),(24,9,9,0,7),(24,6,10,0,13),(24,3,11,0,11),(24,2,12,0,10),(24,13,13,2,-4),(24,6,14,2,-3),(24,3,15,1,3),(24,6,16,2,12),(25,14,1,2,-2),(25,10,2,0,8),(25,13,3,1,6),(25,9,4,1,5),(25,6,5,2,2),(25,3,6,0,22),(25,11,7,1,8),(25,9,8,1,10),(25,8,9,1,10),(25,6,10,0,6),(25,3,11,1,7),(25,8,12,2,8),(25,11,13,1,4),(25,14,14,0,8),(25,10,15,3,-13),(25,13,16,0,11),(26,5,1,0,13),(26,3,2,1,10),(26,11,3,0,13),(26,9,4,0,6),(26,6,5,1,1),(26,14,6,1,-3),(26,5,7,1,-1),(26,6,8,1,2),(26,13,9,1,7),(26,3,10,1,6),(26,11,11,2,-5),(26,9,12,1,-2),(26,14,13,2,-3),(26,13,14,0,9),(26,6,15,2,0),(26,3,16,0,13),(27,6,1,2,-6),(27,13,2,0,7),(27,3,3,0,16),(27,5,4,3,-9),(27,8,5,0,12),(27,14,6,0,4),(27,6,7,3,-11),(27,8,8,1,5),(27,5,9,0,17),(27,3,10,0,14),(27,14,11,1,1),(27,13,12,2,-4),(27,8,13,0,9),(27,3,14,0,15),(27,8,15,1,9),(27,3,16,0,12),(28,2,1,0,11),(28,9,2,1,2),(28,11,3,0,7),(28,13,4,1,4),(28,14,5,0,6),(28,3,6,0,7),(28,6,7,1,7),(28,8,8,3,-14),(28,14,9,1,0),(28,3,10,1,5),(28,6,11,0,16),(28,8,12,0,7),(28,2,13,0,5),(28,13,14,1,3),(28,11,15,1,3),(28,9,16,1,0),(29,11,1,2,-3),(29,2,2,1,7),(29,14,3,0,7),(29,9,4,2,-5),(29,13,5,2,-3),(29,6,6,2,-3),(29,8,7,1,-1),(29,3,8,1,9),(29,8,9,1,7),(29,6,10,1,0),(29,3,11,2,2),(29,13,12,3,-10),(29,11,13,1,0),(29,2,14,0,11),(29,14,15,3,-7),(29,9,16,2,-2),(30,11,1,1,-1),(30,2,2,0,3),(30,14,3,0,5),(30,9,4,1,1),(30,3,5,1,1),(30,6,6,0,8),(30,8,7,2,-4),(30,13,8,0,9),(30,3,9,2,-3),(30,6,10,1,9),(30,8,11,0,12),(30,13,12,0,9),(30,9,13,1,-2),(30,14,14,1,6),(30,2,15,2,-2),(30,11,16,1,15),(31,14,1,1,2),(31,2,2,1,9),(31,11,3,1,2),(31,5,4,0,19),(31,9,5,2,3),(31,3,6,1,11),(31,13,7,3,-5),(31,8,8,1,5),(31,3,9,2,-5),(31,5,10,2,5),(31,8,11,2,-5),(31,13,12,0,13),(31,11,13,0,12),(31,2,14,1,0),(31,14,15,0,8),(31,9,16,1,3),(32,11,1,0,14),(32,5,2,0,19),(32,14,3,0,9),(32,6,4,0,3),(32,9,5,0,14),(32,3,6,0,9),(32,8,7,0,10),(32,3,8,0,12),(32,11,9,1,0),(32,5,10,1,5),(32,14,11,2,-7),(32,6,12,0,17),(32,8,13,1,5),(32,9,14,1,2),(32,3,15,0,10),(32,6,16,0,6),(33,5,1,1,2),(33,2,2,0,9),(33,3,3,0,14),(33,11,4,1,5),(33,6,5,2,-4),(33,7,6,1,1),(33,3,7,2,-3),(33,13,8,1,5),(33,5,9,2,-5),(33,6,10,1,9),(33,14,11,0,7),(33,2,12,2,-6),(33,13,13,0,7),(33,7,14,0,9),(33,14,15,0,15),(33,11,16,0,7),(34,11,1,1,1),(34,5,2,0,11),(34,14,3,1,9),(34,2,4,0,17),(34,6,5,0,10),(34,9,6,1,-1),(34,3,7,0,5),(34,13,8,0,8),(34,6,9,0,6),(34,2,10,1,6),(34,3,11,3,-7),(34,13,12,0,18),(34,11,13,3,-8),(34,5,14,1,2),(34,14,15,0,12),(34,9,16,0,11),(35,2,1,1,-1),(35,9,2,1,4),(35,11,3,1,0),(35,13,4,0,8),(35,6,5,1,2),(35,16,6,2,-5),(35,5,7,0,10),(35,13,8,0,13),(35,6,9,0,9),(35,16,10,1,4),(35,5,11,0,16),(35,11,12,1,6),(35,2,13,0,13),(35,9,14,1,6),(35,5,15,0,7),(35,16,16,2,-4),(36,11,1,0,9),(36,2,2,0,12),(36,14,3,0,16),(36,7,4,2,1),(36,13,5,1,0),(36,5,6,0,10),(36,6,7,0,5),(36,3,8,0,10),(36,13,9,1,4),(36,5,10,0,9),(36,3,11,1,13),(36,6,12,0,13),(36,11,13,0,7),(36,2,14,1,0),(36,14,15,2,-5),(36,7,16,2,-5),(37,2,1,0,5),(37,11,2,0,8),(37,14,3,0,9),(37,6,4,1,6),(37,13,5,0,10),(37,2,6,0,9),(37,11,7,1,6),(37,14,8,0,12),(37,3,9,1,4),(37,6,10,1,4),(37,13,11,0,7),(37,3,12,0,8),(37,3,13,1,1),(37,11,14,1,3),(37,3,15,2,-6),(37,11,16,1,1),(38,9,1,0,9),(38,14,2,2,-6),(38,2,3,0,7),(38,11,4,1,2),(38,19,5,0,8),(38,3,6,0,9),(38,18,7,0,9),(38,13,8,0,8),(38,3,9,1,5),(38,19,10,1,5),(38,18,11,0,4),(38,13,12,0,10),(38,14,13,1,6),(38,2,14,0,10),(38,9,15,0,8),(38,11,16,1,5),(39,2,1,1,-1),(39,5,2,0,8),(39,11,3,1,6),(39,20,4,0,3),(39,3,5,0,5),(39,21,6,0,8),(39,14,7,1,6),(39,9,8,1,5),(39,3,9,1,3),(39,20,10,1,-3),(39,5,11,1,7),(39,11,12,1,1),(39,14,13,1,2),(39,9,14,1,2),(39,2,15,2,-3),(39,21,16,0,10),(40,2,1,0,12),(40,11,2,0,10),(40,3,3,1,6),(40,7,4,1,3),(40,13,5,1,5),(40,6,6,0,21),(40,9,7,1,9),(40,5,8,0,15),(40,3,9,0,16),(40,6,10,1,0),(40,9,11,2,-1),(40,7,12,0,11),(40,5,13,1,3),(40,13,14,1,2),(40,11,15,1,4),(40,2,16,0,6),(41,2,1,1,0),(41,9,2,1,5),(41,18,3,1,4),(41,14,4,1,4),(41,5,5,1,3),(41,6,6,1,4),(41,3,7,1,8),(41,6,8,1,4),(41,13,9,1,12),(41,18,10,1,8),(41,5,11,1,17),(41,14,12,1,1),(41,13,13,3,-10),(41,3,14,1,1),(41,9,15,1,0),(41,2,16,3,-11),(42,11,1,0,6),(42,6,2,0,7),(42,3,3,0,9),(42,13,4,0,8),(42,2,5,1,2),(42,14,6,0,6),(42,5,7,0,10),(42,10,8,0,7),(42,13,9,0,7),(42,6,10,0,11),(42,14,11,1,-1),(42,3,12,1,3),(42,5,13,0,10),(42,10,14,0,10),(42,2,15,1,-2),(42,11,16,0,10),(43,9,1,0,11),(43,2,2,1,1),(43,11,3,1,8),(43,14,4,0,7),(43,5,5,1,6),(43,3,6,1,3),(43,6,7,0,15),(43,13,8,0,7),(43,5,9,0,12),(43,3,10,2,-1),(43,6,11,0,19),(43,13,12,0,18),(43,11,13,0,5),(43,9,14,0,7),(43,14,15,0,17),(43,2,16,2,-8),(44,2,1,0,11),(44,15,2,2,-3),(44,14,3,1,14),(44,11,4,1,5),(44,3,5,0,20),(44,9,6,0,8),(44,6,7,3,-12),(44,13,8,0,13),(44,15,9,0,8),(44,6,10,0,8),(44,13,11,0,7),(44,3,12,2,-6),(44,14,13,0,9),(44,11,14,1,1),(44,9,15,2,-5),(44,2,16,2,2),(45,22,1,0,8),(45,14,2,0,7),(45,9,3,1,0),(45,5,4,0,18),(45,13,5,2,-3),(45,3,6,1,9),(45,6,7,1,14),(45,13,8,1,6),(45,6,9,0,5),(45,3,10,0,11),(45,5,11,1,6),(45,14,12,4,-19),(45,9,13,0,6),(45,22,14,1,2),(45,6,15,0,12),(45,5,16,1,9),(46,23,1,1,-1),(46,2,2,0,6),(46,6,3,1,-1),(46,3,4,1,9),(46,13,5,1,-3),(46,5,6,2,-2),(46,14,7,0,8),(46,11,8,1,5),(46,23,9,1,5),(46,5,10,1,4),(46,14,11,2,0),(46,2,12,2,-5),(46,13,13,0,7),(46,3,14,1,10),(46,6,15,2,-3),(46,11,16,2,-1),(47,2,1,0,11),(47,14,2,0,8),(47,6,3,2,-7),(47,5,4,0,13),(47,13,5,0,7),(47,11,6,0,14),(47,3,7,1,4),(47,9,8,1,2),(47,5,9,1,4),(47,3,10,2,-9),(47,6,11,0,8),(47,13,12,2,-4),(47,2,13,0,6),(47,14,14,0,10),(47,11,15,1,1),(47,9,16,0,13),(48,14,1,0,18),(48,2,2,0,18),(48,6,3,2,0),(48,13,4,2,-2),(48,3,5,3,-13),(48,6,6,0,10),(48,3,7,1,1),(48,9,8,0,9),(48,14,9,0,8),(48,2,10,3,-11),(48,9,11,0,11),(48,13,12,1,9),(48,3,13,0,17),(48,14,14,0,10),(48,3,15,1,4),(48,14,16,0,25),(49,2,1,1,3),(49,3,2,0,11),(49,6,3,2,-8),(49,13,4,1,2),(49,14,5,0,11),(49,9,6,0,12),(49,5,7,1,4),(49,2,8,0,13),(49,14,9,1,3),(49,5,10,0,10),(49,9,11,1,7),(49,13,12,0,10),(49,3,13,0,8),(49,6,14,1,4),(49,3,15,0,18),(49,13,16,2,-4),(50,24,1,2,-2),(50,5,2,0,8),(50,17,3,0,11),(50,6,4,0,13),(50,13,5,1,2),(50,3,6,1,4),(50,14,7,0,11),(50,5,8,0,6),(50,24,9,1,-4),(50,6,10,0,15),(50,3,11,0,8),(50,13,12,1,4),(50,14,13,0,10),(50,17,14,0,16),(50,3,15,0,8),(50,24,16,0,18),(51,17,1,0,14),(51,6,2,0,13),(51,25,3,1,0),(51,14,4,1,-2),(51,13,5,1,2),(51,5,6,1,7),(51,3,7,0,14),(51,17,8,2,-3),(51,6,9,0,14),(51,25,10,0,15),(51,5,11,0,11),(51,3,12,1,6),(51,13,13,2,-3),(51,14,14,0,8),(51,5,15,3,-7),(51,3,16,2,9),(52,17,1,0,14),(52,26,2,0,9),(52,14,3,1,9),(52,5,4,1,7),(52,13,5,0,10),(52,6,6,1,7),(52,3,7,0,7),(52,6,8,1,11),(52,5,9,0,15),(52,14,10,0,15),(52,3,11,0,12),(52,17,12,1,11),(52,26,13,0,7),(52,13,14,1,8),(52,5,15,0,14),(52,26,16,1,2),(53,27,1,1,2),(53,5,2,0,5),(53,6,3,0,15),(53,23,4,1,5),(53,27,5,3,-10),(53,14,6,1,-2),(53,6,7,1,5),(53,3,8,1,0),(53,26,9,0,15),(53,13,10,0,12),(53,5,11,0,11),(53,14,12,2,-3),(53,26,13,1,2),(53,3,14,1,5),(53,23,15,1,0),(53,13,16,0,11),(54,9,1,2,-6),(54,27,2,0,18),(54,6,3,0,4),(54,3,4,0,9),(54,5,5,0,15),(54,13,6,2,-4),(54,26,7,1,0),(54,27,8,2,6),(54,5,9,0,10),(54,6,10,2,-2),(54,26,11,1,5),(54,13,12,0,16),(54,9,13,0,9),(54,3,14,1,5),(54,27,15,1,9),(54,5,16,1,-1),(55,5,1,0,7),(55,26,2,1,2),(55,6,3,2,-7),(55,27,4,1,4),(55,14,5,0,9),(55,3,6,1,1),(55,6,7,0,7),(55,3,8,2,-2),(55,13,9,0,8),(55,26,10,0,6),(55,27,11,0,10),(55,5,12,0,19),(55,13,13,2,-6),(55,14,14,0,8),(55,27,15,0,12),(55,13,16,0,8),(56,5,1,0,13),(56,26,2,0,19),(56,27,3,0,10),(56,14,4,0,13),(56,6,5,3,-11),(56,3,6,0,9),(56,13,7,1,9),(56,5,8,1,1),(56,26,9,1,0),(56,27,10,0,10),(56,6,11,0,6),(56,3,12,0,12),(56,13,13,1,4),(56,14,14,0,16),(56,6,15,0,22),(56,27,16,0,24),(57,2,1,0,12),(57,27,2,0,11),(57,6,3,0,10),(57,5,4,1,4),(57,3,5,0,8),(57,6,6,0,6),(57,13,7,1,-1),(57,26,8,0,11),(57,14,9,1,1),(57,2,10,0,14),(57,5,11,1,7),(57,27,12,2,-2),(57,13,13,0,15),(57,3,14,1,1),(57,26,15,0,11),(57,14,16,1,6),(58,14,1,0,8),(58,6,2,0,11),(58,5,3,0,8),(58,26,4,0,15),(58,13,5,2,-5),(58,3,6,2,-1),(58,28,7,1,6),(58,14,8,1,3),(58,5,9,0,12),(58,28,10,0,5),(58,26,11,2,-8),(58,13,12,1,2),(58,6,13,0,16),(58,3,14,0,17),(58,5,15,0,14),(58,3,16,0,12),(59,14,1,0,11),(59,27,2,0,15),(59,5,3,0,10),(59,6,4,0,13),(59,13,5,0,9),(59,26,6,0,16),(59,3,7,0,9),(59,6,8,0,9),(59,5,9,2,0),(59,27,10,1,7),(59,26,11,2,-2),(59,3,12,1,4),(59,13,13,0,12),(59,14,14,0,10),(59,27,15,2,-4),(59,6,16,0,19),(60,27,1,0,6),(60,29,2,0,9),(60,5,3,2,-3),(60,26,4,0,11),(60,13,5,1,4),(60,6,6,4,-20),(60,3,7,0,22),(60,14,8,1,-2),(60,27,9,1,4),(60,5,10,0,20),(60,29,11,1,2),(60,6,12,0,9),(60,13,13,0,13),(60,3,14,0,21),(60,26,15,0,12),(60,14,16,1,8),(61,27,1,0,11),(61,29,2,0,8),(61,6,3,0,8),(61,26,4,0,9),(61,13,5,0,12),(61,5,6,0,10),(61,14,7,0,10),(61,27,8,2,1),(61,29,9,0,16),(61,3,10,0,13),(61,6,11,0,17),(61,3,12,2,0),(61,13,13,1,6),(61,5,14,1,3),(61,26,15,0,7),(61,14,16,0,7),(62,30,1,0,14),(62,27,2,0,18),(62,29,3,0,9),(62,6,4,0,16),(62,13,5,1,4),(62,31,6,0,13),(62,3,7,1,8),(62,26,8,0,13),(62,29,9,0,10),(62,6,10,0,22),(62,31,11,0,10),(62,27,12,0,11),(62,13,13,0,14),(62,3,14,0,19),(62,30,15,0,11),(62,26,16,1,9),(63,5,1,0,7),(63,14,2,1,3),(63,29,3,1,3),(63,27,4,2,-5),(63,6,5,0,8),(63,3,6,0,5),(63,13,7,0,3),(63,26,8,1,2),(63,27,1,0,7),(63,29,2,1,3),(63,6,3,1,3),(63,3,4,2,-5),(63,26,5,0,8),(63,5,6,0,5),(63,14,7,0,3),(63,13,8,1,2),(63,27,9,1,3),(63,29,10,0,15),(63,6,11,0,11),(63,26,12,1,2),(63,5,13,1,8),(63,14,14,1,-2),(63,3,15,0,14),(63,13,16,0,8),(64,29,1,0,13),(64,26,2,0,10),(64,5,3,0,17),(64,6,4,2,2),(64,3,5,0,15),(64,27,6,1,10),(64,8,7,0,20),(64,14,8,0,11),(64,8,9,0,14),(64,6,10,1,2),(64,3,11,1,8),(64,26,12,1,4),(64,5,13,0,17),(64,27,14,1,4),(64,14,15,1,2),(64,29,16,2,-3),(65,26,1,0,7),(65,3,2,1,7),(65,6,3,2,-4),(65,17,4,1,3),(65,8,5,1,3),(65,3,6,1,6),(65,13,7,0,12),(65,6,8,0,11),(65,14,9,0,13),(65,17,10,0,5),(65,8,11,0,8),(65,26,12,1,4),(65,14,13,2,-5),(65,13,14,0,9),(65,3,15,0,21),(65,17,16,2,-1),(66,29,1,0,7),(66,14,2,2,-6),(66,27,3,0,8),(66,26,4,2,-5),(66,5,5,0,23),(66,13,6,0,11),(66,6,7,0,10),(66,29,8,0,15),(66,3,9,0,16),(66,6,10,0,12),(66,14,11,0,15),(66,13,12,0,6),(66,5,13,0,17),(66,3,14,0,8),(66,27,15,1,4),(66,26,16,1,6),(67,6,1,0,6),(67,5,2,1,-4),(67,3,3,1,2),(67,8,4,2,-3),(67,26,5,1,6),(67,7,6,1,5),(67,3,7,0,10),(67,8,8,0,10),(67,13,9,0,7),(67,14,10,1,6),(67,5,11,0,7),(67,6,12,1,1),(67,26,13,1,1),(67,7,14,2,-6),(67,14,15,0,14),(67,13,16,1,5),(68,26,1,0,12),(68,27,2,1,-3),(68,14,3,1,2),(68,13,4,0,7),(68,6,5,0,6),(68,3,6,0,6),(68,6,7,0,6),(68,14,8,1,-2),(68,27,9,1,5),(68,26,10,0,7),(68,3,11,1,8),(68,13,12,1,12),(68,3,13,1,5),(68,26,14,1,4),(68,3,15,0,21),(68,26,16,0,13),(69,5,1,0,9),(69,6,2,1,-1),(69,3,3,0,11),(69,8,4,1,2),(69,13,5,1,7),(69,26,6,0,11),(69,29,7,1,3),(69,14,8,2,-3),(69,5,9,1,-1),(69,6,10,0,10),(69,3,11,2,-1),(69,8,12,1,0),(69,26,13,1,2),(69,29,14,1,0),(69,14,15,1,9),(69,13,16,1,2),(70,3,1,0,8),(70,27,2,1,3),(70,6,3,2,-8),(70,41,4,1,6),(70,17,5,2,-4),(70,3,6,0,5),(70,17,7,1,-3),(70,29,8,1,0),(70,13,9,2,-6),(70,6,10,0,4),(70,14,11,1,2),(70,13,12,1,2),(70,27,13,1,1),(70,41,14,0,9),(70,29,15,0,12),(70,14,16,0,6),(71,29,1,0,10),(71,27,2,0,9),(71,6,3,0,17),(71,13,4,1,0),(71,5,5,1,5),(71,26,6,2,-6),(71,3,7,0,7),(71,41,8,0,9),(71,29,9,0,14),(71,27,10,1,4),(71,6,11,1,-1),(71,5,12,1,3),(71,41,13,1,0),(71,26,14,0,9),(71,3,15,1,9),(71,13,16,2,-5),(72,29,1,1,2),(72,3,2,1,3),(72,26,3,1,-4),(72,6,4,0,11),(72,8,5,0,10),(72,27,6,2,-3),(72,14,7,1,1),(72,41,8,0,17),(72,8,9,0,6),(72,6,10,3,-13),(72,3,11,1,0),(72,41,12,0,15),(72,14,13,2,-7),(72,26,14,1,1),(72,27,15,0,11),(72,29,16,1,-1),(73,29,1,1,-1),(73,6,2,0,7),(73,27,3,0,4),(73,3,4,0,9),(73,5,5,1,-2),(73,14,6,0,9),(73,26,7,1,2),(73,13,8,0,9),(73,27,9,2,-2),(73,29,10,1,-1),(73,26,11,4,-13),(73,3,12,0,8),(73,14,13,0,7),(73,6,14,1,5),(73,5,15,2,-6),(73,13,16,1,6),(74,26,1,0,8),(74,5,2,1,4),(74,6,3,0,18),(74,42,4,1,2),(74,27,5,0,13),(74,3,6,0,12),(74,13,7,1,2),(74,8,8,0,11),(74,6,9,0,14),(74,26,10,0,19),(74,8,11,0,9),(74,3,12,0,11),(74,5,13,0,7),(74,42,14,0,15),(74,27,15,4,-17),(74,13,16,0,25),(75,5,1,0,9),(75,29,2,0,10),(75,14,3,0,17),(75,13,4,0,8),(75,6,5,0,4),(75,3,6,4,-20),(75,8,7,1,3),(75,6,8,1,-2),(75,5,9,0,10),(75,8,10,2,1),(75,3,11,2,6),(75,14,12,1,7),(75,26,13,0,9),(75,29,14,0,11),(75,26,15,1,7),(75,13,16,1,3);
UNLOCK TABLES;
/*!40000 ALTER TABLE `overs` ENABLE KEYS */;

--
-- Table structure for table `players`
--

DROP TABLE IF EXISTS `players`;
CREATE TABLE `players` (
  `player_id` int(10) unsigned NOT NULL auto_increment,
  `first_name` varchar(32) NOT NULL default '',
  `last_name` varchar(32) NOT NULL default '',
  PRIMARY KEY  (`player_id`),
  UNIQUE KEY `u_players` (`first_name`,`last_name`)
) ENGINE=MyISAM DEFAULT CHARSET=latin1;

--
-- Dumping data for table `players`
--


/*!40000 ALTER TABLE `players` DISABLE KEYS */;
LOCK TABLES `players` WRITE;
INSERT INTO `players` VALUES (1,'Mick',''),(2,'Glen','Arnett'),(3,'Eric','Morrison'),(4,'Adam','Cunningham'),(5,'Eddie','Pannowich'),(6,'Tom','McDonnell'),(7,'Adam','Piric'),(8,'Max','Morrison'),(9,'Mark','Newton'),(10,'Luke',''),(11,'Al','Jamie'),(12,'None',''),(13,'Brendan','Hooker'),(14,'Gary','Virgin'),(15,'Rusty',''),(16,'Sean','Cunningham'),(17,'Damien',''),(18,'Dave',''),(19,'Jay',''),(20,'Ben',''),(21,'Bob',''),(22,'Steve',''),(23,'Koges',''),(24,'Adam','Fillin'),(25,'Russell',''),(26,'Anthony','Fantin'),(27,'Nick','Catlow'),(28,'Paul',''),(29,'John','Heuvel'),(41,'Shawn','Leung-Pew'),(42,'Matt',''),(30,'Rob',''),(31,'Tim','');
UNLOCK TABLES;
/*!40000 ALTER TABLE `players` ENABLE KEYS */;
/*!40103 SET TIME_ZONE=@OLD_TIME_ZONE */;

/*!40101 SET SQL_MODE=@OLD_SQL_MODE */;
/*!40014 SET FOREIGN_KEY_CHECKS=@OLD_FOREIGN_KEY_CHECKS */;
/*!40014 SET UNIQUE_CHECKS=@OLD_UNIQUE_CHECKS */;
/*!40101 SET CHARACTER_SET_CLIENT=@OLD_CHARACTER_SET_CLIENT */;
/*!40101 SET CHARACTER_SET_RESULTS=@OLD_CHARACTER_SET_RESULTS */;
/*!40101 SET COLLATION_CONNECTION=@OLD_COLLATION_CONNECTION */;
/*!40111 SET SQL_NOTES=@OLD_SQL_NOTES */;

