-- MySQL dump 10.9
--
-- Host: localhost    Database: test
-- ------------------------------------------------------
-- Server version	4.1.11

/*!40101 SET @OLD_CHARACTER_SET_CLIENT=@@CHARACTER_SET_CLIENT */;
/*!40101 SET @OLD_CHARACTER_SET_RESULTS=@@CHARACTER_SET_RESULTS */;
/*!40101 SET @OLD_COLLATION_CONNECTION=@@COLLATION_CONNECTION */;
/*!40101 SET NAMES utf8 */;
/*!40014 SET @OLD_UNIQUE_CHECKS=@@UNIQUE_CHECKS, UNIQUE_CHECKS=0 */;
/*!40014 SET @OLD_FOREIGN_KEY_CHECKS=@@FOREIGN_KEY_CHECKS, FOREIGN_KEY_CHECKS=0 */;
/*!40101 SET @OLD_SQL_MODE=@@SQL_MODE, SQL_MODE='NO_AUTO_VALUE_ON_ZERO' */;
/*!40111 SET @OLD_SQL_NOTES=@@SQL_NOTES, SQL_NOTES=0 */;

--
-- Table structure for table `innings`
--

DROP TABLE IF EXISTS `innings`;
CREATE TABLE `innings` (
  `match_id` int(10) unsigned NOT NULL default '0',
  `team_id` int(10) unsigned NOT NULL default '0',
  `player_id` int(10) unsigned NOT NULL default '0',
  `batting_pos` int(10) unsigned NOT NULL default '0',
  `runs_scored` int(11) NOT NULL default '0',
  PRIMARY KEY  (`match_id`,`player_id`,`batting_pos`),
  KEY `fk_innings_team_id` (`team_id`),
  KEY `fk_innings_player_id` (`player_id`)
) ENGINE=MyISAM DEFAULT CHARSET=latin1;

--
-- Dumping data for table `innings`
--


/*!40000 ALTER TABLE `innings` DISABLE KEYS */;
LOCK TABLES `innings` WRITE;
INSERT INTO `innings` VALUES (1,1,1,1,10),(1,1,2,2,-2),(1,1,3,3,-4),(1,1,4,4,16),(1,1,5,5,8),(1,1,6,6,9),(1,1,7,7,21),(1,1,8,8,15),(2,1,2,1,19),(2,1,1,2,21),(2,1,5,3,15),(2,1,9,4,0),(2,1,8,5,5),(2,1,3,6,22),(2,1,6,7,28),(2,1,3,8,0),(3,1,7,1,13),(3,1,3,2,19),(3,1,9,3,2),(3,1,5,4,16),(3,1,10,5,9),(3,1,8,6,20),(3,1,6,7,5),(3,1,3,8,10),(4,1,2,1,3),(4,1,1,2,14),(4,1,4,3,-12),(4,1,3,4,13),(4,1,6,5,12),(4,1,9,6,17),(4,1,8,7,-8),(4,1,7,8,14),(5,1,2,1,-1),(5,1,1,2,16),(5,1,9,3,11),(5,1,6,4,13),(5,1,3,5,9),(5,1,4,6,-1),(5,1,7,7,-5),(5,1,5,8,-4),(6,1,1,1,16),(6,1,2,2,5),(6,1,6,3,1),(6,1,9,4,11),(6,1,3,5,17),(6,1,11,6,12),(6,1,8,7,12),(6,1,5,8,9),(7,1,1,1,20),(7,1,2,2,2),(7,1,7,3,29),(7,1,3,4,29),(7,1,8,5,24),(7,1,9,6,-2),(7,1,12,7,0),(7,1,12,8,0),(8,1,9,1,17),(8,1,6,2,-1),(8,1,5,3,24),(8,1,3,4,11),(8,1,7,5,6),(8,1,8,6,13),(8,1,11,7,7),(8,1,4,8,17),(9,1,8,1,-6),(9,1,2,2,16),(9,1,9,3,28),(9,1,3,4,4),(9,1,5,5,-18),(9,1,11,6,20),(9,1,6,7,2),(9,1,5,8,-10),(10,1,11,1,8),(10,1,5,2,5),(10,1,2,3,-4),(10,1,8,4,9),(10,1,4,5,9),(10,1,6,6,-8),(10,1,9,7,12),(10,1,3,8,-5),(11,1,13,1,17),(11,1,8,2,17),(11,1,11,3,22),(11,1,5,4,-4),(11,1,3,5,20),(11,1,4,6,11),(11,1,6,7,7),(11,1,5,8,9),(12,1,2,1,2),(12,1,4,2,6),(12,1,3,3,7),(12,1,6,4,14),(12,1,11,5,10),(12,1,5,6,12),(12,1,8,7,19),(12,1,13,8,8),(13,1,13,1,9),(13,1,14,2,8),(13,1,2,3,0),(13,1,1,4,11),(13,1,3,5,7),(13,1,5,6,11),(13,1,6,7,6),(13,1,15,8,-5),(14,1,5,1,14),(14,1,11,2,6),(14,1,3,3,8),(14,1,6,4,12),(14,1,14,5,16),(14,1,16,6,13),(14,1,8,7,3),(14,1,13,8,7),(15,1,4,1,-2),(15,1,2,2,0),(15,1,3,3,3),(15,1,6,4,9),(15,1,11,5,0),(15,1,5,6,1),(15,1,13,7,20),(15,1,8,8,4),(16,1,8,1,19),(16,1,13,2,21),(16,1,11,3,26),(16,1,5,4,3),(16,1,6,5,16),(16,1,3,6,13),(16,1,2,7,10),(16,1,4,8,3),(17,1,8,1,13),(17,1,13,2,16),(17,1,5,3,0),(17,1,11,4,23),(17,1,3,5,10),(17,1,6,6,-3),(17,1,4,7,-9),(17,1,2,8,12),(18,1,8,1,22),(18,1,13,2,11),(18,1,6,3,-4),(18,1,3,4,13),(18,1,9,5,11),(18,1,4,6,15),(18,1,14,7,8),(18,1,3,8,8),(19,1,4,1,9),(19,1,2,2,6),(19,1,11,3,20),(19,1,8,4,12),(19,1,3,5,15),(19,1,6,6,7),(19,1,13,7,19),(19,1,3,8,18),(20,1,8,1,16),(20,1,13,2,25),(20,1,6,3,3),(20,1,3,4,13),(20,1,17,5,24),(20,1,11,6,27),(20,1,2,7,13),(20,1,4,8,16),(21,1,4,1,10),(21,1,2,2,2),(21,1,6,3,0),(21,1,3,4,17),(21,1,5,5,5),(21,1,11,6,20),(21,1,8,7,-5),(21,1,13,8,7),(22,1,8,1,9),(22,1,13,2,9),(22,1,3,3,26),(22,1,6,4,-1),(22,1,4,5,4),(22,1,2,6,14),(22,1,5,7,13),(22,1,11,8,5),(23,1,8,1,22),(23,1,13,2,20),(23,1,6,3,13),(23,1,3,4,7),(23,1,11,5,21),(23,1,5,6,21),(23,1,9,7,26),(23,1,4,8,17),(24,1,8,1,15),(24,1,13,2,17),(24,1,3,3,16),(24,1,6,4,24),(24,1,9,5,14),(24,1,2,6,-11),(24,1,3,7,9),(24,1,2,8,6),(25,1,8,1,7),(25,1,13,2,12),(25,1,6,3,10),(25,1,3,4,11),(25,1,14,5,14),(25,1,10,6,20),(25,1,9,7,18),(25,1,11,8,6),(26,1,13,1,17),(26,1,14,2,6),(26,1,5,3,24),(26,1,11,4,10),(26,1,3,5,9),(26,1,6,6,8),(26,1,9,7,25),(26,1,3,8,22),(27,1,8,1,6),(27,1,13,2,8),(27,1,6,3,6),(27,1,3,4,16),(27,1,14,5,17),(27,1,5,6,3),(27,1,5,7,-6),(27,1,14,8,0),(28,1,8,1,6),(28,1,13,2,13),(28,1,3,3,10),(28,1,6,4,11),(28,1,11,5,13),(28,1,2,6,4),(28,1,9,7,0),(28,1,14,8,13),(29,1,8,1,16),(29,1,13,2,5),(29,1,6,3,14),(29,1,3,4,0),(29,1,2,5,21),(29,1,11,6,3),(29,1,14,7,-6),(29,1,9,8,10),(30,1,8,1,19),(30,1,13,2,25),(30,1,3,3,17),(30,1,6,4,11),(30,1,2,5,6),(30,1,11,6,-5),(30,1,9,7,20),(30,1,14,8,3),(31,1,13,1,17),(31,1,8,2,7),(31,1,3,3,-5),(31,1,5,4,-2),(31,1,2,5,9),(31,1,11,6,3),(31,1,14,7,-3),(31,1,9,8,18),(32,1,8,1,15),(32,1,11,2,4),(32,1,3,3,3),(32,1,6,4,1),(32,1,5,5,23),(32,1,14,6,4),(32,1,9,7,38),(32,1,6,8,-11),(33,1,3,1,22),(33,1,6,2,19),(33,1,5,3,7),(33,1,14,4,30),(33,1,2,5,18),(33,1,11,6,11),(33,1,13,7,9),(33,1,7,8,35),(34,1,2,1,18),(34,1,11,2,24),(34,1,3,3,12),(34,1,5,4,17),(34,1,9,5,7),(34,1,14,6,-2),(34,1,13,7,15),(34,1,6,8,-7),(35,1,2,1,36),(35,1,11,2,22),(35,1,16,3,6),(35,1,6,4,-8),(35,1,9,5,31),(35,1,13,6,27),(35,1,5,7,-1),(35,1,16,8,10),(36,1,3,1,11),(36,1,6,2,-12),(36,1,5,3,21),(36,1,14,4,6),(36,1,11,5,12),(36,1,2,6,-3),(36,1,7,7,12),(36,1,13,8,16),(37,1,2,1,8),(37,1,11,2,10),(37,1,13,3,20),(37,1,14,4,18),(37,1,6,5,-6),(37,1,3,6,14),(37,1,6,7,8),(37,1,3,8,4),(38,1,18,1,9),(38,1,19,2,5),(38,1,14,3,0),(38,1,3,4,12),(38,1,2,5,7),(38,1,11,6,18),(38,1,13,7,-6),(38,1,9,8,13),(39,1,11,1,0),(39,1,2,2,16),(39,1,5,3,-5),(39,1,14,4,3),(39,1,9,5,0),(39,1,20,6,18),(39,1,3,7,6),(39,1,21,8,7),(40,1,5,1,15),(40,1,13,2,13),(40,1,6,3,-4),(40,1,3,4,12),(40,1,2,5,18),(40,1,11,6,18),(40,1,9,7,17),(40,1,7,8,7),(41,1,5,1,-6),(41,1,14,2,17),(41,1,3,3,16),(41,1,6,4,6),(41,1,2,5,12),(41,1,18,6,19),(41,1,9,7,21),(41,1,13,8,-4),(42,1,11,1,10),(42,1,2,2,23),(42,1,3,3,14),(42,1,6,4,-6),(42,1,14,5,28),(42,1,5,6,8),(42,1,13,7,16),(42,1,10,8,9),(43,1,2,1,7),(43,1,11,2,16),(43,1,6,3,8),(43,1,3,4,5),(43,1,14,5,25),(43,1,5,6,0),(43,1,9,7,12),(43,1,13,8,-5),(44,1,11,1,3),(44,1,2,2,16),(44,1,13,3,23),(44,1,14,4,9),(44,1,3,5,11),(44,1,6,6,15),(44,1,9,7,16),(44,1,15,8,5),(45,1,9,1,1),(45,1,13,2,15),(45,1,3,3,10),(45,1,6,4,8),(45,1,5,5,16),(45,1,14,6,7),(45,1,22,7,21),(45,1,6,8,22),(46,1,6,1,6),(46,1,3,2,19),(46,1,5,3,26),(46,1,14,4,2),(46,1,11,5,31),(46,1,2,6,12),(46,1,23,7,-2),(46,1,13,8,17),(47,1,14,1,11),(47,1,5,2,18),(47,1,3,3,18),(47,1,6,4,22),(47,1,11,5,11),(47,1,2,6,18),(47,1,9,7,-5),(47,1,13,8,-7),(48,1,2,1,-6),(48,1,6,2,-5),(48,1,13,3,18),(48,1,14,4,15),(48,1,3,5,11),(48,1,9,6,12),(48,1,2,7,8),(48,1,6,8,-15),(49,1,14,1,16),(49,1,5,2,9),(49,1,6,3,5),(49,1,2,4,6),(49,1,13,5,9),(49,1,9,6,21),(49,1,3,7,-4),(49,1,5,8,1),(50,1,6,1,14),(50,1,3,2,7),(50,1,5,3,10),(50,1,24,4,2),(50,1,17,5,21),(50,1,14,6,-3),(50,1,13,7,-25),(50,1,6,8,3),(51,1,3,1,13),(51,1,6,2,1),(51,1,5,3,-5),(51,1,14,4,-5),(51,1,17,5,0),(51,1,13,6,-2),(51,1,25,7,1),(51,1,14,8,9),(52,1,17,1,25),(52,1,13,2,17),(52,1,5,3,8),(52,1,14,4,3),(52,1,3,5,15),(52,1,26,6,14),(52,1,6,7,2),(52,1,26,8,16),(53,1,5,1,6),(53,1,14,2,2),(53,1,13,3,22),(53,1,23,4,12),(53,1,26,5,-6),(53,1,27,6,-11),(53,1,6,7,13),(53,1,3,8,8),(54,1,5,1,-2),(54,1,27,2,5),(54,1,3,3,18),(54,1,6,4,5),(54,1,13,5,25),(54,1,26,6,9),(54,1,9,7,6),(54,1,27,8,-22),(55,1,5,1,22),(55,1,14,2,7),(55,1,6,3,7),(55,1,3,4,10),(55,1,13,5,19),(55,1,26,6,11),(55,1,27,7,-2),(55,1,13,8,9),(56,1,14,1,3),(56,1,5,2,0),(56,1,3,3,17),(56,1,6,4,3),(56,1,13,5,12),(56,1,26,6,9),(56,1,27,7,-5),(56,1,3,8,6),(57,1,13,1,23),(57,1,26,2,8),(57,1,5,3,-4),(57,1,14,4,-4),(57,1,27,5,-14),(57,1,2,6,15),(57,1,3,7,15),(57,1,6,8,-3),(58,1,13,1,15),(58,1,28,2,11),(58,1,3,3,13),(58,1,6,4,2),(58,1,14,5,11),(58,1,5,6,6),(58,1,26,7,-13),(58,1,6,8,12),(59,1,5,1,12),(59,1,14,2,14),(59,1,3,3,-1),(59,1,6,4,-13),(59,1,26,5,8),(59,1,13,6,9),(59,1,27,7,-4),(59,1,26,8,-2),(60,1,14,1,31),(60,1,5,2,6),(60,1,27,3,11),(60,1,29,4,19),(60,1,6,5,5),(60,1,3,6,16),(60,1,13,7,10),(60,1,26,8,10),(61,1,14,1,16),(61,1,5,2,14),(61,1,3,3,15),(61,1,6,4,13),(61,1,27,5,7),(61,1,29,6,3),(61,1,13,7,16),(61,1,26,8,1),(62,1,30,1,34),(62,1,31,2,9),(62,1,32,3,-13),(62,1,33,4,26),(62,1,34,5,-9),(62,1,35,6,-5),(62,1,36,7,4),(62,1,37,8,1),(63,1,5,1,11),(63,1,14,2,10),(63,1,38,3,1),(63,1,27,4,-6),(63,1,6,5,16),(63,1,3,6,15),(63,1,13,7,24),(63,1,26,8,4),(64,1,5,1,18),(64,1,14,2,2),(64,1,26,3,15),(64,1,8,4,7),(64,1,38,5,4),(64,1,27,6,6),(64,1,3,7,-4),(64,1,6,8,0),(65,1,39,1,23),(65,1,8,2,20),(65,1,6,3,17),(65,1,3,4,12),(65,1,13,5,4),(65,1,26,6,12),(65,1,14,7,12),(65,1,13,8,11),(66,1,5,1,6),(66,1,14,2,3),(66,1,3,3,14),(66,1,6,4,-11),(66,1,38,5,4),(66,1,27,6,-6),(66,1,26,7,11),(66,1,13,8,3),(67,1,5,1,-2),(67,1,14,2,6),(67,1,3,3,22),(67,1,6,4,22),(67,1,7,5,21),(67,1,8,6,13),(67,1,26,7,11),(67,1,13,8,20),(68,1,6,1,17),(68,1,3,2,20),(68,1,13,3,-6),(68,1,26,4,-2),(68,1,14,5,13),(68,1,27,6,-3),(68,1,14,7,12),(68,1,27,8,6),(69,1,3,1,15),(69,1,6,2,17),(69,1,5,3,19),(69,1,14,4,14),(69,1,38,5,10),(69,1,8,6,-2),(69,1,26,7,5),(69,1,13,8,-9);
UNLOCK TABLES;
/*!40000 ALTER TABLE `innings` ENABLE KEYS */;

--
-- Table structure for table `matches`
--

DROP TABLE IF EXISTS `matches`;
CREATE TABLE `matches` (
  `match_id` int(10) unsigned NOT NULL auto_increment,
  `team1_id` int(10) unsigned NOT NULL default '0',
  `team2_id` int(10) unsigned NOT NULL default '0',
  `match_date` date NOT NULL default '0000-00-00',
  `match_time` time NOT NULL default '00:00:00',
  `team1_batted_1st` tinyint(1) NOT NULL default '0',
  PRIMARY KEY  (`match_id`),
  UNIQUE KEY `u_matches_1` (`team1_id`,`match_date`,`match_time`),
  UNIQUE KEY `u_matches_2` (`team2_id`,`match_date`,`match_time`)
) ENGINE=MyISAM DEFAULT CHARSET=latin1;

--
-- Dumping data for table `matches`
--


/*!40000 ALTER TABLE `matches` DISABLE KEYS */;
LOCK TABLES `matches` WRITE;
INSERT INTO `matches` VALUES (1,1,2,'2004-04-22','19:40:00',1),(2,1,3,'2004-04-28','19:40:00',1),(3,1,4,'2004-05-05','19:40:00',0),(4,1,5,'2004-05-12','19:40:00',1),(5,1,6,'2004-05-19','19:40:00',1),(6,1,7,'2004-05-26','19:40:00',0),(7,1,8,'2004-05-30','19:40:00',0),(8,1,6,'2004-06-09','19:40:00',0),(9,1,5,'2004-08-31','19:40:00',0),(10,1,9,'2004-09-08','19:40:00',0),(11,1,10,'2004-09-15','19:40:00',0),(12,1,4,'2004-09-22','19:40:00',0),(13,1,7,'2004-10-06','19:40:00',1),(14,1,6,'2004-10-14','19:40:00',1),(15,1,11,'2004-10-20','19:40:00',1),(16,1,12,'2004-10-27','19:40:00',0),(17,1,13,'2004-11-03','19:40:00',0),(18,1,8,'2004-11-10','19:40:00',0),(19,1,14,'2004-11-17','19:40:00',0),(20,1,15,'2004-11-24','19:40:00',0),(21,1,3,'2004-11-29','19:40:00',0),(22,1,16,'2004-12-01','19:40:00',1),(23,1,17,'2004-12-08','19:40:00',1),(24,1,8,'2004-12-15','19:40:00',0),(25,1,14,'2004-12-22','19:40:00',1),(26,1,15,'2005-01-05','19:40:00',0),(27,1,16,'2005-01-12','19:40:00',1),(28,1,18,'2005-01-19','19:40:00',0),(29,1,19,'2005-01-26','19:40:00',1),(30,1,8,'2005-02-02','19:40:00',0),(31,1,16,'2005-02-06','19:40:00',0),(32,1,19,'2005-02-16','19:40:00',1),(33,1,20,'2005-02-23','19:40:00',0),(34,1,3,'2005-03-02','19:40:00',1),(35,1,21,'2005-03-08','19:40:00',0),(36,1,16,'2005-03-16','19:40:00',1),(37,1,7,'2005-03-23','19:40:00',1),(38,1,4,'2005-03-30','19:40:00',0),(39,1,19,'2005-04-06','19:40:00',1),(40,1,20,'2005-04-13','19:40:00',0),(41,1,22,'2005-04-21','19:40:00',1),(42,1,7,'2005-04-27','19:40:00',1),(43,1,4,'2005-05-04','19:40:00',0),(44,1,23,'2005-05-11','19:40:00',1),(45,1,16,'2005-05-18','19:40:00',1),(46,1,24,'2005-05-25','19:40:00',1),(47,1,4,'2005-05-31','19:40:00',0),(48,1,3,'2005-06-14','19:40:00',1),(49,1,7,'2005-07-06','19:40:00',1),(50,1,3,'2005-07-13','19:40:00',1),(51,1,25,'2005-07-20','19:40:00',0),(52,1,25,'2005-07-27','19:40:00',1),(53,1,3,'2005-08-10','19:40:00',1),(54,1,26,'2005-08-18','19:40:00',0),(55,1,27,'2005-09-01','19:40:00',1),(56,1,28,'2005-09-06','19:40:00',1),(57,1,7,'2005-09-14','19:40:00',1),(58,1,26,'2005-09-28','19:40:00',0),(59,1,29,'2005-10-05','19:40:00',1),(60,1,30,'2005-10-12','19:40:00',0),(61,1,29,'2005-10-19','19:40:00',0),(62,1,27,'2005-11-08','19:40:00',0),(63,1,31,'2006-02-08','19:40:00',0),(64,1,32,'2005-12-21','19:40:00',0),(65,1,33,'2006-02-23','20:50:00',1),(66,1,12,'2006-02-15','20:50:00',0),(67,1,34,'2006-03-01','20:50:00',0),(68,1,33,'2006-03-07','19:40:00',1),(69,1,31,'2006-03-15','19:40:00',0);
UNLOCK TABLES;
/*!40000 ALTER TABLE `matches` ENABLE KEYS */;

--
-- Table structure for table `opp_teams`
--

DROP TABLE IF EXISTS `opp_teams`;
CREATE TABLE `opp_teams` (
  `team_id` int(10) unsigned NOT NULL auto_increment,
  `team_name` varchar(64) NOT NULL default '',
  `city` varchar(32) NOT NULL default '',
  `state` varchar(32) NOT NULL default '',
  `country` varchar(32) NOT NULL default '',
  PRIMARY KEY  (`team_id`),
  UNIQUE KEY `u_teams` (`team_name`,`city`,`state`,`country`)
) ENGINE=MyISAM DEFAULT CHARSET=latin1;

--
-- Dumping data for table `opp_teams`
--


/*!40000 ALTER TABLE `opp_teams` DISABLE KEYS */;
LOCK TABLES `opp_teams` WRITE;
INSERT INTO `opp_teams` VALUES (1,'Two Dogs','Melbourne','Victoria','Australia'),(2,'Pissed \'n Broke','Melbourne','Victoria','Australia'),(3,'Team Tena','Melbourne','Victoria','Australia'),(4,'Agguts','Melbourne','Victoria','Australia'),(5,'Benda Rover','Melbourne','Victoria','Australia'),(6,'3kz','Melbourne','Victoria','Australia'),(7,'J. A. F. I. C. S.','Melbourne','Victoria','Australia'),(8,'Eight Nuffs','Melbourne','Victoria','Australia'),(9,'Hot 2 Frot','Melbourne','Victoria','Australia'),(10,'C. U. B.','Melbourne','Victoria','Australia'),(11,'Space Monkeys','Melbourne','Victoria','Australia'),(12,'Toyo Inkredibles','Melbourne','Victoria','Australia'),(13,'White Windies Resurrection','Melbourne','Victoria','Australia'),(14,'Head Hunters','Melbourne','Victoria','Australia'),(15,'Purple Sevens','Melbourne','Victoria','Australia'),(16,'Pyros','Melbourne','Victoria','Australia'),(17,'Here For A Good Time','Melbourne','Victoria','Australia'),(18,'Dream Team','Melbourne','Victoria','Australia'),(19,'Purple Cobras','Melbourne','Victoria','Australia'),(20,'Clarky\'s Team','Melbourne','Victoria','Australia'),(21,'Hit And Hope','Melbourne','Victoria','Australia'),(22,'Full Boar','Melbourne','Victoria','Australia'),(23,'Yesterdays Heros','Melbourne','Victoria','Australia'),(24,'The Fockers','Melbourne','Victoria','Australia'),(25,'Thorpies Furballs','Melbourne','Victoria','Australia'),(26,'The Shinboners','Melbourne','Victoria','Australia'),(27,'Kev\'s Team','Melbourne','Victoria','Australia'),(28,'K 2','Melbourne','Victoria','Australia'),(29,'The Woodies','Melbourne','Victoria','Australia'),(30,'H. S. D.','Melbourne','Victoria','Australia'),(31,'Fighting Mongooses','Melbourne','Victoria','Australia'),(32,'Cricketer\'s Box','Melbourne','Victoria','Australia'),(33,'JB\'s','Melbourne','Victoria','Australia'),(34,'Crack Pandas','Melbourne','Victoria','Australia');
UNLOCK TABLES;
/*!40000 ALTER TABLE `opp_teams` ENABLE KEYS */;

--
-- Table structure for table `overs`
--

DROP TABLE IF EXISTS `overs`;
CREATE TABLE `overs` (
  `match_id` int(10) unsigned NOT NULL default '0',
  `team_id` int(10) unsigned NOT NULL default '0',
  `player_id` int(10) unsigned NOT NULL default '0',
  `over_no` int(10) unsigned NOT NULL default '0',
  `wickets_taken` int(10) unsigned NOT NULL default '0',
  `runs_conceded` int(11) NOT NULL default '0',
  PRIMARY KEY  (`match_id`,`player_id`,`over_no`),
  KEY `fk_overs_team_id` (`team_id`),
  KEY `fk_overs_player_id` (`player_id`)
) ENGINE=MyISAM DEFAULT CHARSET=latin1;

--
-- Dumping data for table `overs`
--


/*!40000 ALTER TABLE `overs` DISABLE KEYS */;
LOCK TABLES `overs` WRITE;
INSERT INTO `overs` VALUES (1,1,5,1,0,11),(1,1,6,2,1,10),(1,1,8,3,1,7),(1,1,3,4,1,5),(1,1,2,5,0,11),(1,1,7,6,0,12),(1,1,6,7,1,1),(1,1,3,8,1,0),(1,1,1,9,1,4),(1,1,4,10,0,8),(1,1,8,11,1,11),(1,1,5,12,0,8),(1,1,2,13,1,3),(1,1,7,14,4,-15),(1,1,1,15,0,8),(1,1,4,16,0,8),(2,1,5,1,1,10),(2,1,3,2,0,12),(2,1,8,3,0,23),(2,1,9,4,1,-2),(2,1,1,5,0,5),(2,1,6,6,0,17),(2,1,8,7,1,3),(2,1,3,8,0,16),(2,1,5,9,0,11),(2,1,2,10,0,9),(2,1,6,11,1,5),(2,1,1,12,1,6),(2,1,2,13,1,4),(2,1,9,14,0,11),(2,1,8,15,0,9),(2,1,3,16,0,12),(3,1,5,1,0,9),(3,1,3,2,0,13),(3,1,6,3,1,3),(3,1,10,4,3,-11),(3,1,8,5,1,4),(3,1,5,6,2,-7),(3,1,6,7,1,-1),(3,1,9,8,0,9),(3,1,7,9,2,-1),(3,1,8,10,1,4),(3,1,3,11,2,-4),(3,1,9,12,0,8),(3,1,10,13,1,4),(3,1,7,14,0,9),(3,1,6,15,1,13),(3,1,5,16,2,3),(4,1,8,1,0,21),(4,1,3,2,0,14),(4,1,9,3,0,15),(4,1,7,4,0,21),(4,1,1,5,1,8),(4,1,6,6,1,6),(4,1,4,7,3,-6),(4,1,9,8,1,5),(4,1,8,9,1,5),(4,1,6,10,0,11),(4,1,2,11,1,3),(4,1,3,12,2,-5),(4,1,1,13,1,3),(4,1,7,14,0,14),(4,1,2,15,0,8),(4,1,4,16,0,15),(5,1,5,1,1,10),(5,1,3,2,0,13),(5,1,1,3,1,5),(5,1,7,4,1,6),(5,1,2,5,1,0),(5,1,6,6,2,-6),(5,1,3,7,0,17),(5,1,5,8,3,-8),(5,1,9,9,0,5),(5,1,4,10,0,10),(5,1,6,11,0,11),(5,1,2,12,0,8),(5,1,1,13,1,6),(5,1,7,14,0,7),(5,1,4,15,2,-6),(5,1,9,16,0,9),(6,1,8,1,0,12),(6,1,5,2,1,2),(6,1,11,3,0,4),(6,1,3,4,0,8),(6,1,1,5,0,9),(6,1,9,6,0,16),(6,1,11,7,0,10),(6,1,8,8,1,4),(6,1,2,9,1,4),(6,1,5,10,0,8),(6,1,3,11,0,14),(6,1,6,12,1,1),(6,1,1,13,0,9),(6,1,6,14,1,5),(6,1,9,15,2,-2),(6,1,2,16,0,16),(7,1,3,1,1,10),(7,1,9,2,1,0),(7,1,1,3,0,12),(7,1,7,4,1,4),(7,1,8,5,1,6),(7,1,3,6,1,0),(7,1,2,7,1,2),(7,1,8,8,0,10),(7,1,1,9,1,4),(7,1,9,10,2,-4),(7,1,2,11,0,7),(7,1,7,12,2,-2),(7,1,12,13,0,0),(7,1,12,14,0,0),(7,1,12,15,0,0),(7,1,12,16,0,0),(8,1,5,1,0,8),(8,1,3,2,2,2),(8,1,11,3,0,7),(8,1,8,4,1,11),(8,1,6,5,0,9),(8,1,7,6,1,10),(8,1,9,7,0,12),(8,1,5,8,2,-5),(8,1,8,9,0,13),(8,1,6,10,0,12),(8,1,3,11,0,13),(8,1,4,12,0,7),(8,1,11,13,0,13),(8,1,9,14,0,12),(8,1,7,15,0,18),(8,1,4,16,0,16),(9,1,5,1,0,14),(9,1,8,2,0,12),(9,1,3,3,0,12),(9,1,11,4,0,10),(9,1,6,5,0,11),(9,1,2,6,2,-5),(9,1,3,7,0,14),(9,1,8,8,0,13),(9,1,9,9,2,-7),(9,1,5,10,1,12),(9,1,6,11,0,15),(9,1,11,12,0,9),(9,1,2,13,0,13),(9,1,9,14,1,3),(9,1,8,15,0,19),(9,1,3,16,2,8),(10,1,5,1,0,10),(10,1,8,2,1,6),(10,1,2,3,0,11),(10,1,6,4,0,12),(10,1,11,5,1,3),(10,1,3,6,1,4),(10,1,4,7,1,2),(10,1,8,8,1,10),(10,1,5,9,0,8),(10,1,6,10,0,9),(10,1,9,11,0,10),(10,1,3,12,1,5),(10,1,2,13,0,12),(10,1,11,14,0,17),(10,1,4,15,0,11),(10,1,9,16,0,9),(11,1,11,1,0,11),(11,1,8,2,0,17),(11,1,5,3,1,4),(11,1,6,4,0,20),(11,1,3,5,0,10),(11,1,13,6,1,1),(11,1,8,7,2,5),(11,1,4,8,0,5),(11,1,5,9,0,10),(11,1,3,10,1,3),(11,1,6,11,0,8),(11,1,11,12,0,9),(11,1,13,13,1,5),(11,1,4,14,0,13),(11,1,6,15,1,4),(11,1,11,16,0,12),(12,1,5,1,0,9),(12,1,3,2,1,-2),(12,1,11,3,0,5),(12,1,8,4,1,12),(12,1,2,5,1,8),(12,1,6,6,0,6),(12,1,13,7,0,8),(12,1,8,8,0,22),(12,1,5,9,2,-4),(12,1,3,10,1,8),(12,1,4,11,2,-3),(12,1,6,12,1,2),(12,1,2,13,0,7),(12,1,11,14,0,9),(12,1,4,15,0,13),(12,1,13,16,0,8),(13,1,5,1,0,6),(13,1,15,2,0,4),(13,1,3,3,1,4),(13,1,6,4,0,9),(13,1,14,5,0,12),(13,1,2,6,0,11),(13,1,6,7,0,9),(13,1,5,8,1,6),(13,1,13,9,0,11),(13,1,15,10,0,11),(13,1,1,11,1,7),(13,1,14,12,0,9),(13,1,3,13,0,13),(13,1,2,14,0,17),(13,1,1,15,0,8),(13,1,13,16,0,9),(14,1,5,1,0,16),(14,1,6,2,1,-2),(14,1,16,3,1,5),(14,1,3,4,1,8),(14,1,11,5,0,17),(14,1,14,6,0,11),(14,1,8,7,0,13),(14,1,6,8,1,6),(14,1,16,9,0,9),(14,1,13,10,0,14),(14,1,8,11,1,7),(14,1,3,12,0,13),(14,1,5,13,1,2),(14,1,11,14,0,11),(14,1,14,15,2,-6),(14,1,13,16,2,1),(15,1,11,1,0,5),(15,1,13,2,1,1),(15,1,2,3,0,8),(15,1,4,4,2,-1),(15,1,5,5,0,9),(15,1,6,6,2,-3),(15,1,3,7,1,3),(15,1,8,8,1,5),(15,1,5,9,1,12),(15,1,3,10,1,6),(15,1,6,11,1,7),(15,1,8,12,1,1),(15,1,2,13,1,1),(15,1,11,14,0,9),(15,1,13,15,2,4),(15,1,4,16,1,-2),(16,1,11,1,0,9),(16,1,5,2,1,11),(16,1,6,3,0,8),(16,1,2,4,1,4),(16,1,3,5,0,12),(16,1,4,6,0,7),(16,1,8,7,0,14),(16,1,13,8,0,4),(16,1,5,9,1,2),(16,1,3,10,1,5),(16,1,6,11,0,10),(16,1,8,12,1,6),(16,1,2,13,2,-5),(16,1,11,14,0,8),(16,1,13,15,0,9),(16,1,4,16,1,5),(17,1,11,1,2,-3),(17,1,5,2,0,14),(17,1,2,3,2,-5),(17,1,4,4,0,12),(17,1,8,5,1,6),(17,1,6,6,1,1),(17,1,3,7,1,3),(17,1,13,8,1,2),(17,1,5,9,1,0),(17,1,8,10,0,10),(17,1,6,11,0,11),(17,1,3,12,3,-7),(17,1,11,13,0,12),(17,1,13,14,1,2),(17,1,2,15,1,-1),(17,1,4,16,1,11),(18,1,14,1,1,0),(18,1,3,2,0,9),(18,1,6,3,0,12),(18,1,4,4,0,4),(18,1,8,5,1,3),(18,1,13,6,1,1),(18,1,14,7,1,0),(18,1,6,8,1,0),(18,1,9,9,0,10),(18,1,3,10,0,10),(18,1,13,11,1,2),(18,1,8,12,0,16),(18,1,4,13,1,1),(18,1,9,14,1,2),(18,1,3,15,0,12),(18,1,14,16,1,3),(19,1,11,1,0,9),(19,1,2,2,1,2),(19,1,8,3,1,5),(19,1,6,4,2,-1),(19,1,3,5,0,12),(19,1,13,6,1,1),(19,1,4,7,0,9),(19,1,8,8,0,7),(19,1,6,9,1,0),(19,1,11,10,1,-3),(19,1,3,11,2,-4),(19,1,2,12,2,-8),(19,1,4,13,1,3),(19,1,13,14,2,-6),(19,1,3,15,1,3),(19,1,2,16,3,-11),(20,1,11,1,1,1),(20,1,17,2,1,5),(20,1,8,3,0,12),(20,1,6,4,0,16),(20,1,4,5,1,9),(20,1,13,6,2,-4),(20,1,3,7,0,18),(20,1,2,8,2,-5),(20,1,8,9,1,1),(20,1,6,10,1,1),(20,1,17,11,2,-5),(20,1,3,12,0,10),(20,1,2,13,0,8),(20,1,11,14,0,6),(20,1,13,15,0,14),(20,1,4,16,1,1),(21,1,5,1,2,-5),(21,1,11,2,1,7),(21,1,2,3,1,6),(21,1,13,4,0,8),(21,1,8,5,3,-8),(21,1,6,6,1,11),(21,1,3,7,2,-4),(21,1,8,8,0,23),(21,1,4,9,2,-2),(21,1,5,10,2,4),(21,1,6,11,0,10),(21,1,3,12,1,8),(21,1,11,13,1,13),(21,1,2,14,0,4),(21,1,13,15,0,6),(21,1,4,16,0,6),(22,1,2,1,0,11),(22,1,5,2,1,5),(22,1,4,3,0,10),(22,1,6,4,1,7),(22,1,11,5,2,-7),(22,1,3,6,0,9),(22,1,13,7,0,9),(22,1,8,8,2,-5),(22,1,5,9,1,0),(22,1,3,10,0,5),(22,1,6,11,2,-7),(22,1,8,12,1,7),(22,1,11,13,2,-1),(22,1,2,14,1,8),(22,1,13,15,0,18),(22,1,4,16,2,-3),(23,1,4,1,1,1),(23,1,11,2,1,-3),(23,1,13,3,0,14),(23,1,9,4,1,0),(23,1,6,5,2,7),(23,1,3,6,2,-2),(23,1,5,7,3,-13),(23,1,8,8,0,6),(23,1,6,9,2,-7),(23,1,3,10,1,5),(23,1,5,11,1,3),(23,1,8,12,0,12),(23,1,4,13,0,9),(23,1,11,14,3,-12),(23,1,13,15,0,10),(23,1,9,16,3,-12),(24,1,9,1,1,2),(24,1,4,2,0,5),(24,1,2,3,0,12),(24,1,8,4,2,-5),(24,1,13,5,2,2),(24,1,6,6,1,2),(24,1,3,7,0,15),(24,1,8,8,0,7),(24,1,9,9,0,7),(24,1,6,10,0,13),(24,1,3,11,0,11),(24,1,2,12,0,10),(24,1,13,13,2,-4),(24,1,6,14,2,-3),(24,1,3,15,1,3),(24,1,6,16,2,12),(25,1,14,1,2,-2),(25,1,10,2,0,8),(25,1,13,3,1,6),(25,1,9,4,1,5),(25,1,6,5,2,2),(25,1,3,6,0,22),(25,1,11,7,1,8),(25,1,9,8,1,10),(25,1,8,9,1,10),(25,1,6,10,0,6),(25,1,3,11,1,7),(25,1,8,12,2,8),(25,1,11,13,1,4),(25,1,14,14,0,8),(25,1,10,15,3,-13),(25,1,13,16,0,11),(26,1,5,1,0,13),(26,1,3,2,1,10),(26,1,11,3,0,13),(26,1,9,4,0,6),(26,1,6,5,1,1),(26,1,14,6,1,-3),(26,1,5,7,1,-1),(26,1,6,8,1,2),(26,1,13,9,1,7),(26,1,3,10,1,6),(26,1,11,11,2,-5),(26,1,9,12,1,-2),(26,1,14,13,2,-3),(26,1,13,14,0,9),(26,1,6,15,2,0),(26,1,3,16,0,13),(27,1,6,1,2,-6),(27,1,13,2,0,7),(27,1,3,3,0,16),(27,1,5,4,3,-9),(27,1,8,5,0,12),(27,1,14,6,0,4),(27,1,6,7,3,-11),(27,1,8,8,1,5),(27,1,5,9,0,17),(27,1,3,10,0,14),(27,1,14,11,1,1),(27,1,13,12,2,-4),(27,1,8,13,0,9),(27,1,3,14,0,15),(27,1,8,15,1,9),(27,1,3,16,0,12),(28,1,2,1,0,11),(28,1,9,2,1,2),(28,1,11,3,0,7),(28,1,13,4,1,4),(28,1,14,5,0,6),(28,1,3,6,0,7),(28,1,6,7,1,7),(28,1,8,8,3,-14),(28,1,14,9,1,0),(28,1,3,10,1,5),(28,1,6,11,0,16),(28,1,8,12,0,7),(28,1,2,13,0,5),(28,1,13,14,1,3),(28,1,11,15,1,3),(28,1,9,16,1,0),(29,1,11,1,2,-3),(29,1,2,2,1,7),(29,1,14,3,0,7),(29,1,9,4,2,-5),(29,1,13,5,2,-3),(29,1,6,6,2,-3),(29,1,8,7,1,-1),(29,1,3,8,1,9),(29,1,8,9,1,7),(29,1,6,10,1,0),(29,1,3,11,2,2),(29,1,13,12,3,-10),(29,1,11,13,1,0),(29,1,2,14,0,11),(29,1,14,15,3,-7),(29,1,9,16,2,-2),(30,1,11,1,1,-1),(30,1,2,2,0,3),(30,1,14,3,0,5),(30,1,9,4,1,1),(30,1,3,5,1,1),(30,1,6,6,0,8),(30,1,8,7,2,-4),(30,1,13,8,0,9),(30,1,3,9,2,-3),(30,1,6,10,1,9),(30,1,8,11,0,12),(30,1,13,12,0,9),(30,1,9,13,1,-2),(30,1,14,14,1,6),(30,1,2,15,2,-2),(30,1,11,16,1,15),(31,1,14,1,1,2),(31,1,2,2,1,9),(31,1,11,3,1,2),(31,1,5,4,0,19),(31,1,9,5,2,3),(31,1,3,6,1,11),(31,1,13,7,3,-5),(31,1,8,8,1,5),(31,1,3,9,2,-5),(31,1,5,10,2,5),(31,1,8,11,2,-5),(31,1,13,12,0,13),(31,1,11,13,0,12),(31,1,2,14,1,0),(31,1,14,15,0,8),(31,1,9,16,1,3),(32,1,11,1,0,14),(32,1,5,2,0,19),(32,1,14,3,0,9),(32,1,6,4,0,3),(32,1,9,5,0,14),(32,1,3,6,0,9),(32,1,8,7,0,10),(32,1,3,8,0,12),(32,1,11,9,1,0),(32,1,5,10,1,5),(32,1,14,11,2,-7),(32,1,6,12,0,17),(32,1,8,13,1,5),(32,1,9,14,1,2),(32,1,3,15,0,10),(32,1,6,16,0,6),(33,1,5,1,1,2),(33,1,2,2,0,9),(33,1,3,3,0,14),(33,1,11,4,1,5),(33,1,6,5,2,-4),(33,1,7,6,1,1),(33,1,3,7,2,-3),(33,1,13,8,1,5),(33,1,5,9,2,-5),(33,1,6,10,1,9),(33,1,14,11,0,7),(33,1,2,12,2,-6),(33,1,13,13,0,7),(33,1,7,14,0,9),(33,1,14,15,0,15),(33,1,11,16,0,7),(34,1,11,1,1,1),(34,1,5,2,0,11),(34,1,14,3,1,9),(34,1,2,4,0,17),(34,1,6,5,0,10),(34,1,9,6,1,-1),(34,1,3,7,0,5),(34,1,13,8,0,8),(34,1,6,9,0,6),(34,1,2,10,1,6),(34,1,3,11,3,-7),(34,1,13,12,0,18),(34,1,11,13,3,-8),(34,1,5,14,1,2),(34,1,14,15,0,12),(34,1,9,16,0,11),(35,1,2,1,1,-1),(35,1,9,2,1,4),(35,1,11,3,1,0),(35,1,13,4,0,8),(35,1,6,5,1,2),(35,1,16,6,2,-5),(35,1,5,7,0,10),(35,1,13,8,0,13),(35,1,6,9,0,9),(35,1,16,10,1,4),(35,1,5,11,0,16),(35,1,11,12,1,6),(35,1,2,13,0,13),(35,1,9,14,1,6),(35,1,5,15,0,7),(35,1,16,16,2,-4),(36,1,11,1,0,9),(36,1,2,2,0,12),(36,1,14,3,0,16),(36,1,7,4,2,1),(36,1,13,5,1,0),(36,1,5,6,0,10),(36,1,6,7,0,5),(36,1,3,8,0,10),(36,1,13,9,1,4),(36,1,5,10,0,9),(36,1,3,11,1,13),(36,1,6,12,0,13),(36,1,11,13,0,7),(36,1,2,14,1,0),(36,1,14,15,2,-5),(36,1,7,16,2,-5),(37,1,2,1,0,5),(37,1,11,2,0,8),(37,1,14,3,0,9),(37,1,6,4,1,6),(37,1,13,5,0,10),(37,1,2,6,0,9),(37,1,11,7,1,6),(37,1,14,8,0,12),(37,1,3,9,1,4),(37,1,6,10,1,4),(37,1,13,11,0,7),(37,1,3,12,0,8),(37,1,3,13,1,1),(37,1,11,14,1,3),(37,1,3,15,2,-6),(37,1,11,16,1,1),(38,1,9,1,0,9),(38,1,14,2,2,-6),(38,1,2,3,0,7),(38,1,11,4,1,2),(38,1,19,5,0,8),(38,1,3,6,0,9),(38,1,18,7,0,9),(38,1,13,8,0,8),(38,1,3,9,1,5),(38,1,19,10,1,5),(38,1,18,11,0,4),(38,1,13,12,0,10),(38,1,14,13,1,6),(38,1,2,14,0,10),(38,1,9,15,0,8),(38,1,11,16,1,5),(39,1,2,1,1,-1),(39,1,5,2,0,8),(39,1,11,3,1,6),(39,1,20,4,0,3),(39,1,3,5,0,5),(39,1,21,6,0,8),(39,1,14,7,1,6),(39,1,9,8,1,5),(39,1,3,9,1,3),(39,1,20,10,1,-3),(39,1,5,11,1,7),(39,1,11,12,1,1),(39,1,14,13,1,2),(39,1,9,14,1,2),(39,1,2,15,2,-3),(39,1,21,16,0,10),(40,1,2,1,0,12),(40,1,11,2,0,10),(40,1,3,3,1,6),(40,1,7,4,1,3),(40,1,13,5,1,5),(40,1,6,6,0,21),(40,1,9,7,1,9),(40,1,5,8,0,15),(40,1,3,9,0,16),(40,1,6,10,1,0),(40,1,9,11,2,-1),(40,1,7,12,0,11),(40,1,5,13,1,3),(40,1,13,14,1,2),(40,1,11,15,1,4),(40,1,2,16,0,6),(41,1,2,1,1,0),(41,1,9,2,1,5),(41,1,18,3,1,4),(41,1,14,4,1,4),(41,1,5,5,1,3),(41,1,6,6,1,4),(41,1,3,7,1,8),(41,1,6,8,1,4),(41,1,13,9,1,12),(41,1,18,10,1,8),(41,1,5,11,1,17),(41,1,14,12,1,1),(41,1,13,13,3,-10),(41,1,3,14,1,1),(41,1,9,15,1,0),(41,1,2,16,3,-11),(42,1,11,1,0,6),(42,1,6,2,0,7),(42,1,3,3,0,9),(42,1,13,4,0,8),(42,1,2,5,1,2),(42,1,14,6,0,6),(42,1,5,7,0,10),(42,1,10,8,0,7),(42,1,13,9,0,7),(42,1,6,10,0,11),(42,1,14,11,1,-1),(42,1,3,12,1,3),(42,1,5,13,0,10),(42,1,10,14,0,10),(42,1,2,15,1,-2),(42,1,11,16,0,10),(43,1,9,1,0,11),(43,1,2,2,1,1),(43,1,11,3,1,8),(43,1,14,4,0,7),(43,1,5,5,1,6),(43,1,3,6,1,3),(43,1,6,7,0,15),(43,1,13,8,0,7),(43,1,5,9,0,12),(43,1,3,10,2,-1),(43,1,6,11,0,19),(43,1,13,12,0,18),(43,1,11,13,0,5),(43,1,9,14,0,7),(43,1,14,15,0,17),(43,1,2,16,2,-8),(44,1,2,1,0,11),(44,1,15,2,2,-3),(44,1,14,3,1,14),(44,1,11,4,1,5),(44,1,3,5,0,20),(44,1,9,6,0,8),(44,1,6,7,3,-12),(44,1,13,8,0,13),(44,1,15,9,0,8),(44,1,6,10,0,8),(44,1,13,11,0,7),(44,1,3,12,2,-6),(44,1,14,13,0,9),(44,1,11,14,1,1),(44,1,9,15,2,-5),(44,1,2,16,2,2),(45,1,22,1,0,8),(45,1,14,2,0,7),(45,1,9,3,1,0),(45,1,5,4,0,18),(45,1,13,5,2,-3),(45,1,3,6,1,9),(45,1,6,7,1,14),(45,1,13,8,1,6),(45,1,6,9,0,5),(45,1,3,10,0,11),(45,1,5,11,1,6),(45,1,14,12,4,-19),(45,1,9,13,0,6),(45,1,22,14,1,2),(45,1,6,15,0,12),(45,1,5,16,1,9),(46,1,23,1,1,-1),(46,1,2,2,0,6),(46,1,6,3,1,-1),(46,1,3,4,1,9),(46,1,13,5,1,-3),(46,1,5,6,2,-2),(46,1,14,7,0,8),(46,1,11,8,1,5),(46,1,23,9,1,5),(46,1,5,10,1,4),(46,1,14,11,2,0),(46,1,2,12,2,-5),(46,1,13,13,0,7),(46,1,3,14,1,10),(46,1,6,15,2,-3),(46,1,11,16,2,-1),(47,1,2,1,0,11),(47,1,14,2,0,8),(47,1,6,3,2,-7),(47,1,5,4,0,13),(47,1,13,5,0,7),(47,1,11,6,0,14),(47,1,3,7,1,4),(47,1,9,8,1,2),(47,1,5,9,1,4),(47,1,3,10,2,-9),(47,1,6,11,0,8),(47,1,13,12,2,-4),(47,1,2,13,0,6),(47,1,14,14,0,10),(47,1,11,15,1,1),(47,1,9,16,0,13),(48,1,14,1,0,18),(48,1,2,2,0,18),(48,1,6,3,2,0),(48,1,13,4,2,-2),(48,1,3,5,3,-13),(48,1,6,6,0,10),(48,1,3,7,1,1),(48,1,9,8,0,9),(48,1,14,9,0,8),(48,1,2,10,3,-11),(48,1,9,11,0,11),(48,1,13,12,1,9),(48,1,3,13,0,17),(48,1,14,14,0,10),(48,1,3,15,1,4),(48,1,14,16,0,25),(49,1,2,1,1,3),(49,1,3,2,0,11),(49,1,6,3,2,-8),(49,1,13,4,1,2),(49,1,14,5,0,11),(49,1,9,6,0,12),(49,1,5,7,1,4),(49,1,2,8,0,13),(49,1,14,9,1,3),(49,1,5,10,0,10),(49,1,9,11,1,7),(49,1,13,12,0,10),(49,1,3,13,0,8),(49,1,6,14,1,4),(49,1,3,15,0,18),(49,1,13,16,2,-4),(50,1,24,1,2,-2),(50,1,5,2,0,8),(50,1,17,3,0,11),(50,1,6,4,0,13),(50,1,13,5,1,2),(50,1,3,6,1,4),(50,1,14,7,0,11),(50,1,5,8,0,6),(50,1,24,9,1,-4),(50,1,6,10,0,15),(50,1,3,11,0,8),(50,1,13,12,1,4),(50,1,14,13,0,10),(50,1,17,14,0,16),(50,1,3,15,0,8),(50,1,24,16,0,18),(51,1,17,1,0,14),(51,1,6,2,0,13),(51,1,25,3,1,0),(51,1,14,4,1,-2),(51,1,13,5,1,2),(51,1,5,6,1,7),(51,1,3,7,0,14),(51,1,17,8,2,-3),(51,1,6,9,0,14),(51,1,25,10,0,15),(51,1,5,11,0,11),(51,1,3,12,1,6),(51,1,13,13,2,-3),(51,1,14,14,0,8),(51,1,5,15,3,-7),(51,1,3,16,2,9),(52,1,17,1,0,14),(52,1,26,2,0,9),(52,1,14,3,1,9),(52,1,5,4,1,7),(52,1,13,5,0,10),(52,1,6,6,1,7),(52,1,3,7,0,7),(52,1,6,8,1,11),(52,1,5,9,0,15),(52,1,14,10,0,15),(52,1,3,11,0,12),(52,1,17,12,1,11),(52,1,26,13,0,7),(52,1,13,14,1,8),(52,1,5,15,0,14),(52,1,26,16,1,2),(53,1,27,1,1,2),(53,1,5,2,0,5),(53,1,6,3,0,15),(53,1,23,4,1,5),(53,1,27,5,3,-10),(53,1,14,6,1,-2),(53,1,6,7,1,5),(53,1,3,8,1,0),(53,1,26,9,0,15),(53,1,13,10,0,12),(53,1,5,11,0,11),(53,1,14,12,2,-3),(53,1,26,13,1,2),(53,1,3,14,1,5),(53,1,23,15,1,0),(53,1,13,16,0,11),(54,1,9,1,2,-6),(54,1,27,2,0,18),(54,1,6,3,0,4),(54,1,3,4,0,9),(54,1,5,5,0,15),(54,1,13,6,2,-4),(54,1,26,7,1,0),(54,1,27,8,2,6),(54,1,5,9,0,10),(54,1,6,10,2,-2),(54,1,26,11,1,5),(54,1,13,12,0,16),(54,1,9,13,0,9),(54,1,3,14,1,5),(54,1,27,15,1,9),(54,1,5,16,1,-1),(55,1,5,1,0,7),(55,1,26,2,1,2),(55,1,6,3,2,-7),(55,1,27,4,1,4),(55,1,14,5,0,9),(55,1,3,6,1,1),(55,1,6,7,0,7),(55,1,3,8,2,-2),(55,1,13,9,0,8),(55,1,26,10,0,6),(55,1,27,11,0,10),(55,1,5,12,0,19),(55,1,13,13,2,-6),(55,1,14,14,0,8),(55,1,27,15,0,12),(55,1,13,16,0,8),(56,1,5,1,0,13),(56,1,26,2,0,19),(56,1,27,3,0,10),(56,1,14,4,0,13),(56,1,6,5,3,-11),(56,1,3,6,0,9),(56,1,13,7,1,9),(56,1,5,8,1,1),(56,1,26,9,1,0),(56,1,27,10,0,10),(56,1,6,11,0,6),(56,1,3,12,0,12),(56,1,13,13,1,4),(56,1,14,14,0,16),(56,1,6,15,0,22),(56,1,27,16,0,24),(57,1,2,1,0,12),(57,1,27,2,0,11),(57,1,6,3,0,10),(57,1,5,4,1,4),(57,1,3,5,0,8),(57,1,6,6,0,6),(57,1,13,7,1,-1),(57,1,26,8,0,11),(57,1,14,9,1,1),(57,1,2,10,0,14),(57,1,5,11,1,7),(57,1,27,12,2,-2),(57,1,13,13,0,15),(57,1,3,14,1,1),(57,1,26,15,0,11),(57,1,14,16,1,6),(58,1,14,1,0,8),(58,1,6,2,0,11),(58,1,5,3,0,8),(58,1,26,4,0,15),(58,1,13,5,2,-5),(58,1,3,6,2,-1),(58,1,28,7,1,6),(58,1,14,8,1,3),(58,1,5,9,0,12),(58,1,28,10,0,5),(58,1,26,11,2,-8),(58,1,13,12,1,2),(58,1,6,13,0,16),(58,1,3,14,0,17),(58,1,5,15,0,14),(58,1,3,16,0,12),(59,1,14,1,0,11),(59,1,27,2,0,15),(59,1,5,3,0,10),(59,1,6,4,0,13),(59,1,13,5,0,9),(59,1,26,6,0,16),(59,1,3,7,0,9),(59,1,6,8,0,9),(59,1,5,9,2,0),(59,1,27,10,1,7),(59,1,26,11,2,-2),(59,1,3,12,1,4),(59,1,13,13,0,12),(59,1,14,14,0,10),(59,1,27,15,2,-4),(59,1,6,16,0,19),(60,1,27,1,0,6),(60,1,29,2,0,9),(60,1,5,3,2,-3),(60,1,26,4,0,11),(60,1,13,5,1,4),(60,1,6,6,4,-20),(60,1,3,7,0,22),(60,1,14,8,1,-2),(60,1,27,9,1,4),(60,1,5,10,0,20),(60,1,29,11,1,2),(60,1,6,12,0,9),(60,1,13,13,0,13),(60,1,3,14,0,21),(60,1,26,15,0,12),(60,1,14,16,1,8),(61,1,27,1,0,11),(61,1,29,2,0,8),(61,1,6,3,0,8),(61,1,26,4,0,9),(61,1,13,5,0,12),(61,1,5,6,0,10),(61,1,14,7,0,10),(61,1,27,8,2,1),(61,1,29,9,0,16),(61,1,3,10,0,13),(61,1,6,11,0,17),(61,1,3,12,2,0),(61,1,13,13,1,6),(61,1,5,14,1,3),(61,1,26,15,0,7),(61,1,14,16,0,7),(62,1,33,1,0,14),(62,1,34,2,0,18),(62,1,32,3,0,9),(62,1,36,4,0,16),(62,1,30,5,1,4),(62,1,35,6,0,13),(62,1,37,7,1,8),(62,1,31,8,0,13),(62,1,32,9,0,10),(62,1,36,10,0,22),(62,1,35,11,0,10),(62,1,34,12,0,11),(62,1,30,13,0,14),(62,1,37,14,0,19),(62,1,33,15,0,11),(62,1,31,16,1,9),(63,1,5,1,0,7),(63,1,14,2,1,3),(63,1,38,3,1,3),(63,1,27,4,2,-5),(63,1,6,5,0,8),(63,1,3,6,0,5),(63,1,13,7,0,3),(63,1,26,8,1,2),(63,1,27,1,0,7),(63,1,38,2,1,3),(63,1,6,3,1,3),(63,1,3,4,2,-5),(63,1,26,5,0,8),(63,1,5,6,0,5),(63,1,14,7,0,3),(63,1,13,8,1,2),(63,1,27,9,1,3),(63,1,38,10,0,15),(63,1,6,11,0,11),(63,1,26,12,1,2),(63,1,5,13,1,8),(63,1,14,14,1,-2),(63,1,3,15,0,14),(63,1,13,16,0,8),(64,1,38,1,0,13),(64,1,26,2,0,10),(64,1,5,3,0,17),(64,1,6,4,2,2),(64,1,3,5,0,15),(64,1,27,6,1,10),(64,1,8,7,0,20),(64,1,14,8,0,11),(64,1,8,9,0,14),(64,1,6,10,1,2),(64,1,3,11,1,8),(64,1,26,12,1,4),(64,1,5,13,0,17),(64,1,27,14,1,4),(64,1,14,15,1,2),(64,1,38,16,2,-3),(65,1,26,1,0,7),(65,1,3,2,1,7),(65,1,6,3,2,-4),(65,1,39,4,1,3),(65,1,8,5,1,3),(65,1,3,6,1,6),(65,1,13,7,0,12),(65,1,6,8,0,11),(65,1,14,9,0,13),(65,1,39,10,0,5),(65,1,8,11,0,8),(65,1,26,12,1,4),(65,1,14,13,2,-5),(65,1,13,14,0,9),(65,1,3,15,0,21),(65,1,39,16,2,-1),(66,1,38,1,0,7),(66,1,14,2,2,-6),(66,1,27,3,0,8),(66,1,26,4,2,-5),(66,1,5,5,0,23),(66,1,13,6,0,11),(66,1,6,7,0,10),(66,1,38,8,0,15),(66,1,3,9,0,16),(66,1,6,10,0,12),(66,1,14,11,0,15),(66,1,13,12,0,6),(66,1,5,13,0,17),(66,1,3,14,0,8),(66,1,27,15,1,4),(66,1,26,16,1,6),(67,1,6,1,0,6),(67,1,5,2,1,-4),(67,1,3,3,1,2),(67,1,8,4,2,-3),(67,1,26,5,1,6),(67,1,7,6,1,5),(67,1,3,7,0,10),(67,1,8,8,0,10),(67,1,13,9,0,7),(67,1,14,10,1,6),(67,1,5,11,0,7),(67,1,6,12,1,1),(67,1,26,13,1,1),(67,1,7,14,2,-6),(67,1,14,15,0,14),(67,1,13,16,1,5),(68,1,26,1,0,12),(68,1,27,2,1,-3),(68,1,14,3,1,2),(68,1,13,4,0,7),(68,1,6,5,0,6),(68,1,3,6,0,6),(68,1,6,7,0,6),(68,1,14,8,1,-2),(68,1,27,9,1,5),(68,1,26,10,0,7),(68,1,3,11,1,8),(68,1,13,12,1,12),(68,1,3,13,1,5),(68,1,26,14,1,4),(68,1,3,15,0,21),(68,1,26,16,0,13),(69,1,5,1,0,9),(69,1,6,2,1,-1),(69,1,3,3,0,11),(69,1,8,4,1,2),(69,1,13,5,1,7),(69,1,26,6,0,11),(69,1,38,7,1,3),(69,1,14,8,2,-3),(69,1,5,9,1,-1),(69,1,6,10,0,10),(69,1,3,11,2,-1),(69,1,8,12,1,0),(69,1,26,13,1,2),(69,1,38,14,1,0),(69,1,14,15,1,9),(69,1,13,16,1,2);
UNLOCK TABLES;
/*!40000 ALTER TABLE `overs` ENABLE KEYS */;

--
-- Table structure for table `players`
--

DROP TABLE IF EXISTS `players`;
CREATE TABLE `players` (
  `player_id` int(10) unsigned NOT NULL auto_increment,
  `first_name` varchar(32) NOT NULL default '',
  `last_name` varchar(32) NOT NULL default '',
  PRIMARY KEY  (`player_id`),
  UNIQUE KEY `u_players` (`first_name`,`last_name`)
) ENGINE=MyISAM DEFAULT CHARSET=latin1;

--
-- Dumping data for table `players`
--


/*!40000 ALTER TABLE `players` DISABLE KEYS */;
LOCK TABLES `players` WRITE;
INSERT INTO `players` VALUES (1,'Mick','<last_name>'),(2,'Glen','Arnett'),(3,'Eric','Morrison'),(4,'Adam','Cunningham'),(5,'Eddie','Pannowich'),(6,'Tom','McDonnell'),(7,'Adam','Piric'),(8,'Max','Morrison'),(9,'Mark','Newton'),(10,'Luke','<last_name>'),(11,'Al','Jamie'),(12,'None','<last_name>'),(13,'Brendan','Hooker'),(14,'Gary','Virgin'),(15,'Rusty','<last_name>'),(16,'Sean','Cunningham'),(17,'Damien','<last_name>'),(18,'Dave','<last_name>'),(19,'Jay','<last_name>'),(20,'Ben','<last_name>'),(21,'Bob','<last_name>'),(22,'Steve','<last_name>'),(23,'Koges','<last_name>'),(24,'Adam','Fillin'),(25,'Russell','<last_name>'),(26,'Anthony','Fantin'),(27,'Nick','Catlow'),(28,'Paul','<last_name>'),(29,'John','Heuval'),(30,'Brendan','<last_name>'),(31,'Anthony','<last_name>'),(32,'John','<last_name>'),(33,'Rob','<last_name>'),(34,'Nick','<last_name>'),(35,'Tim','<last_name>'),(36,'Tom','<last_name>'),(37,'Eric','<last_name>'),(38,'John','Heuvel'),(39,'Damien',''),(40,'','');
UNLOCK TABLES;
/*!40000 ALTER TABLE `players` ENABLE KEYS */;

/*!40101 SET SQL_MODE=@OLD_SQL_MODE */;
/*!40014 SET FOREIGN_KEY_CHECKS=@OLD_FOREIGN_KEY_CHECKS */;
/*!40014 SET UNIQUE_CHECKS=@OLD_UNIQUE_CHECKS */;
/*!40101 SET CHARACTER_SET_CLIENT=@OLD_CHARACTER_SET_CLIENT */;
/*!40101 SET CHARACTER_SET_RESULTS=@OLD_CHARACTER_SET_RESULTS */;
/*!40101 SET COLLATION_CONNECTION=@OLD_COLLATION_CONNECTION */;
/*!40111 SET SQL_NOTES=@OLD_SQL_NOTES */;

